address,name,instructions,known,unknown,blocks,literals,calls,dynamic_branches
0x8C008300,sub_8C008300,9,9,0,1,5,1,0
0x8C008330,sub_8C008330,18,18,0,3,5,0,0
0x8C00836C,sub_8C00836C,9,9,0,3,0,0,0
0x8C008380,sub_8C008380,13,13,0,1,4,0,0
0x8C0083A8,sub_8C0083A8,12,12,0,3,2,2,0
0x8C0083C0,sub_8C0083C0,20,20,0,4,2,0,0
0x8C0083F8,sub_8C0083F8,137,137,0,25,17,10,0
0x8C00853C,sub_8C00853C,50,50,0,11,17,10,0
0x8C0085CC,sub_8C0085CC,64,64,0,10,1,3,0
0x8C008652,sub_8C008652,106,106,0,12,5,2,0
0x8C0087FC,sub_8C0087FC,26,26,0,2,6,1,0
0x8C008844,sub_8C008844,43,43,0,3,9,2,0
0x8C0088B0,sub_8C0088B0,51,51,0,5,4,1,0
0x8C00892C,sub_8C00892C,42,42,0,5,3,0,0
0x8C00898C,sub_8C00898C,131,131,0,18,3,3,0
0x8C008AA0,sub_8C008AA0,14,14,0,2,3,1,0
0x8C008AD0,sub_8C008AD0,29,29,0,1,3,0,0
0x8C008B4C,sub_8C008B4C,14,14,0,2,2,1,0
0x8C008B68,sub_8C008B68,104,104,0,8,8,2,0
0x8C008C54,sub_8C008C54,113,113,0,8,6,7,0
0x8C008D4C,sub_8C008D4C,19,19,0,1,0,0,0
0x8C008D74,sub_8C008D74,247,247,0,30,3,11,0
0x8C008F70,sub_8C008F70,57,57,0,7,0,0,0
0x8C008FE8,sub_8C008FE8,7,7,0,1,0,0,0
0x8C008FFC,sub_8C008FFC,36,36,0,5,0,1,0
0x8C009074,sub_8C009074,10,10,0,2,0,1,0
0x8C00908C,sub_8C00908C,44,44,0,6,11,0,0
0x8C0090F8,sub_8C0090F8,105,105,0,7,25,1,0
0x8C009214,sub_8C009214,190,190,0,2,58,0,0
0x8C00940A,sub_8C00940A,27,27,0,4,4,0,0
0x8C009488,sub_8C009488,269,269,0,11,94,0,0
0x8C0097B4,sub_8C0097B4,52,52,0,12,6,4,0
0x8C009830,sub_8C009830,15,15,0,4,0,3,0
0x8C009858,sub_8C009858,49,49,0,13,2,1,0
0x8C0098CC,sub_8C0098CC,86,86,0,3,2,0,0
0x8C009980,sub_8C009980,80,80,0,3,2,0,0
0x8C009A28,sub_8C009A28,96,96,0,5,2,0,0
0x8C009AF0,sub_8C009AF0,88,88,0,5,2,0,0
0x8C009BA8,sub_8C009BA8,39,39,0,18,1,1,1
0x8C009BC6,sub_8C009BC6,33,33,0,1,0,0,0
0x8C009BCA,sub_8C009BCA,31,31,0,1,0,0,0
0x8C009BCE,sub_8C009BCE,29,29,0,1,0,0,0
0x8C009BD2,sub_8C009BD2,27,27,0,1,0,0,0
0x8C009BD6,sub_8C009BD6,25,25,0,1,0,0,0
0x8C009BDA,sub_8C009BDA,23,23,0,1,0,0,0
0x8C009BDE,sub_8C009BDE,21,21,0,1,0,0,0
0x8C009BE2,sub_8C009BE2,19,19,0,1,0,0,0
0x8C009BE6,sub_8C009BE6,17,17,0,1,0,0,0
0x8C009BEA,sub_8C009BEA,15,15,0,1,0,0,0
0x8C009C4C,sub_8C009C4C,8,8,0,2,1,1,0
0x8C009C60,sub_8C009C60,9,9,0,4,0,0,0
0x8C009C74,sub_8C009C74,37,37,0,9,1,1,0
0x8C009CC8,sub_8C009CC8,50,50,0,14,0,0,0
0x8C009DEC,sub_8C009DEC,19,19,0,1,4,0,0
0x8C009E12,sub_8C009E12,5,5,0,1,1,0,0
0x8C009E1C,sub_8C009E1C,4,4,0,1,0,0,0
0x8C009E24,sub_8C009E24,26,26,0,4,3,3,0
0x8C00B700,sub_8C00B700,23,23,0,9,2,1,0
0x8C00D820,sub_8C00D820,20,20,0,5,5,5,0
0x8C00D86C,sub_8C00D86C,12,12,0,1,1,1,0
0x8C00D888,sub_8C00D888,14,14,0,5,2,1,0
0x8C00D8AC,sub_8C00D8AC,4,4,0,1,1,1,0
0x8C00D8B8,sub_8C00D8B8,7,7,0,3,0,0,0
0x8C00D8C6,sub_8C00D8C6,16,16,0,5,0,1,0
0x8C00D8E8,sub_8C00D8E8,7,7,0,1,2,0,0
0x8C00D900,sub_8C00D900,22,22,0,7,5,3,0
0x8C00D940,sub_8C00D940,56,56,0,16,2,2,0
0x8C00D9AA,sub_8C00D9AA,3,3,0,1,0,0,0
0x8C00D9B0,sub_8C00D9B0,3,3,0,1,0,0,0
0x8C00D9B6,sub_8C00D9B6,3,3,0,1,0,0,0
0x8C00D9BC,sub_8C00D9BC,3,3,0,1,0,0,0
0x8C00D9C2,sub_8C00D9C2,3,3,0,1,0,0,0
0x8C00D9C8,sub_8C00D9C8,3,3,0,1,0,0,0
0x8C00D9CE,sub_8C00D9CE,3,3,0,1,0,0,0
0x8C00D9D4,sub_8C00D9D4,3,3,0,1,0,0,0
0x8C00D9DA,sub_8C00D9DA,3,3,0,1,0,0,0
0x8C00D9E0,sub_8C00D9E0,3,3,0,1,0,0,0
0x8C00DA0A,sub_8C00DA0A,3,3,0,1,0,0,0
0x8C00DAE0,sub_8C00DAE0,35,35,0,7,6,2,0
0x8C00DB40,sub_8C00DB40,43,43,0,13,3,5,0
0x8C00DB96,sub_8C00DB96,29,29,0,10,1,2,0
0x8C00DBE0,sub_8C00DBE0,6,6,0,1,1,1,0
0x8C00DBEC,sub_8C00DBEC,6,6,0,1,1,1,0
0x8C00DBF8,sub_8C00DBF8,6,6,0,1,1,1,0
0x8C00E000,sub_8C00E000,7,7,0,3,1,1,0
0x8C00E020,sub_8C00E020,57,57,0,8,14,4,0
0x8C00E0D0,sub_8C00E0D0,4,4,0,1,1,0,0
0x8C00E0DC,sub_8C00E0DC,11,11,0,2,3,0,0
0x8C00E140,sub_8C00E140,12,12,0,3,0,0,0
0x8C00E1A0,sub_8C00E1A0,51,51,0,12,4,8,0
0x8C00E206,sub_8C00E206,6,6,0,1,2,1,0
0x8C00E212,sub_8C00E212,22,22,0,7,2,0,0
0x8C00E29C,sub_8C00E29C,16,16,0,1,4,0,0
0x8C00E2BC,sub_8C00E2BC,18,18,0,3,1,0,0
0x8C00E2E0,sub_8C00E2E0,63,63,0,7,1,2,0
0x8C00E35E,sub_8C00E35E,58,58,0,10,4,1,0
0x8C010000,sub_8C010000,16,16,0,1,4,1,0
0x8C010080,sub_8C010080,9,9,0,2,3,1,0
0x8C010092,sub_8C010092,10,10,0,2,4,1,0
0x8C0100C2,sub_8C0100C2,93,93,0,30,2,2,0
0x8C0100C4,sub_8C0100C4,92,92,0,30,2,2,0
0x8C010184,sub_8C010184,294,294,0,56,57,24,0
0x8C010454,sub_8C010454,260,260,0,40,48,36,0
0x8C0106F4,sub_8C0106F4,230,230,0,41,41,25,0
0x8C0108FE,sub_8C0108FE,501,501,0,98,73,7,0
0x8C010DD2,sub_8C010DD2,205,205,0,35,33,17,0
0x8C010FD4,sub_8C010FD4,474,474,0,111,55,18,0
0x8C01145C,sub_8C01145C,63,63,0,13,1,0,0
0x8C011522,sub_8C011522,342,342,0,50,35,8,0
0x8C011838,sub_8C011838,134,134,0,11,33,0,0
0x8C01199E,sub_8C01199E,400,400,0,51,49,9,0
0x8C0119A0,sub_8C0119A0,399,399,0,51,49,9,0
0x8C011D52,sub_8C011D52,177,177,0,22,5,3,0
0x8C011EFE,sub_8C011EFE,66,66,0,15,0,0,0
0x8C011F82,sub_8C011F82,34,34,0,7,0,0,0
0x8C011FC6,sub_8C011FC6,64,64,0,14,0,0,0
0x8C0120CC,sub_8C0120CC,862,862,0,130,76,31,0
0x8C01286C,sub_8C01286C,64,64,0,7,10,0,0
0x8C0128EC,sub_8C0128EC,99,99,0,19,24,10,0
0x8C012A02,sub_8C012A02,27,27,0,4,5,0,0
0x8C012A38,sub_8C012A38,51,51,0,1,1,0,0
0x8C012AC4,sub_8C012AC4,398,398,0,44,56,1,0
0x8C012E78,sub_8C012E78,1255,1255,0,158,168,68,0
0x8C013A30,sub_8C013A30,113,113,0,4,8,3,0
0x8C013B2C,sub_8C013B2C,757,757,0,113,104,33,0
0x8C01422E,sub_8C01422E,105,105,0,27,23,11,0
0x8C014364,sub_8C014364,521,521,0,41,92,25,0
0x8C0148F4,sub_8C0148F4,731,731,0,130,122,44,0
0x8C01505C,sub_8C01505C,281,281,0,35,42,9,0
0x8C0152F0,sub_8C0152F0,1262,1262,0,272,189,70,0
0x8C015F28,sub_8C015F28,362,362,0,60,27,12,0
0x8C016240,sub_8C016240,24,24,0,7,3,0,0
0x8C01629A,sub_8C01629A,110,110,0,10,10,3,0
0x8C01629C,sub_8C01629C,109,109,0,10,10,3,0
0x8C016398,sub_8C016398,124,124,0,19,32,2,0
0x8C0164DE,sub_8C0164DE,15,15,0,2,4,2,0
0x8C0164FC,sub_8C0164FC,170,170,0,40,20,6,0
0x8C0166C0,sub_8C0166C0,350,350,0,59,44,27,0
0x8C016AB8,sub_8C016AB8,159,159,0,19,52,17,0
0x8C016CB2,sub_8C016CB2,12,12,0,3,3,2,0
0x8C016CCA,sub_8C016CCA,3094,3094,0,575,633,224,1
0x8C0175FC,sub_8C0175FC,197,197,0,33,46,19,0
0x8C01783C,sub_8C01783C,426,426,0,76,129,58,0
0x8C01797C,sub_8C01797C,694,694,0,145,200,57,0
0x8C017D24,sub_8C017D24,506,506,0,96,165,61,0
0x8C017F34,sub_8C017F34,1291,1291,0,253,236,124,0
0x8C0187E2,sub_8C0187E2,319,319,0,59,106,48,0
0x8C0187E6,sub_8C0187E6,323,323,0,60,108,49,0
0x8C0187F2,sub_8C0187F2,323,323,0,60,108,49,0
0x8C0187FE,sub_8C0187FE,322,322,0,60,107,49,0
0x8C018808,sub_8C018808,322,322,0,60,107,49,0
0x8C018812,sub_8C018812,320,320,0,59,107,49,0
0x8C018818,sub_8C018818,317,317,0,58,106,48,0
0x8C018B00,sub_8C018B00,14,14,0,4,3,1,0
0x8C018B1C,sub_8C018B1C,3,3,0,1,1,0,0
0x8C018B22,sub_8C018B22,33,33,0,7,6,3,0
0x8C018C18,sub_8C018C18,9,9,0,2,2,1,0
0x8C018C2A,sub_8C018C2A,6,6,0,1,1,0,0
0x8C018C36,sub_8C018C36,33,33,0,7,6,3,0
0x8C018C8A,sub_8C018C8A,6,6,0,1,1,0,0
0x8C018C96,sub_8C018C96,32,32,0,6,4,2,0
0x8C018CD6,sub_8C018CD6,5,5,0,1,1,0,0
0x8C018CE0,sub_8C018CE0,6,6,0,1,1,0,0
0x8C018CEC,sub_8C018CEC,3,3,0,1,1,0,0
0x8C018CFC,sub_8C018CFC,3,3,0,1,1,0,0
0x8C018D02,sub_8C018D02,5,5,0,1,3,1,0
0x8C018D60,sub_8C018D60,44,44,0,5,11,4,0
0x8C018DE0,sub_8C018DE0,9,9,0,2,2,1,0
0x8C018DF2,sub_8C018DF2,589,589,0,114,116,64,0
0x8C01940E,sub_8C01940E,28,28,0,7,6,3,0
0x8C019446,sub_8C019446,16,16,0,4,2,1,0
0x8C019466,sub_8C019466,16,16,0,4,2,1,0
0x8C019486,sub_8C019486,96,96,0,14,24,13,0
0x8C0195EC,sub_8C0195EC,224,224,0,40,32,24,0
0x8C0197F6,sub_8C0197F6,28,28,0,6,9,5,0
0x8C019898,sub_8C019898,63,63,0,15,23,12,0
0x8C019916,sub_8C019916,35,35,0,6,13,6,0
0x8C0199A4,sub_8C0199A4,25,25,0,1,2,0,0
0x8C0199D6,sub_8C0199D6,71,71,0,16,1,0,0
0x8C019A64,sub_8C019A64,91,91,0,22,1,0,0
0x8C019B1A,sub_8C019B1A,34,34,0,9,3,2,0
0x8C019B5E,sub_8C019B5E,37,37,0,9,3,1,0
0x8C019BBC,sub_8C019BBC,44,44,0,11,3,1,0
0x8C019C14,sub_8C019C14,44,44,0,11,3,1,0
0x8C019C6C,sub_8C019C6C,53,53,0,16,3,2,0
0x8C019CD6,sub_8C019CD6,19,19,0,4,1,1,0
0x8C019DC4,sub_8C019DC4,56,56,0,12,20,12,0
0x8C019E34,sub_8C019E34,5,5,0,1,2,1,0
0x8C019E3E,sub_8C019E3E,34,34,0,9,14,9,0
0x8C019F10,sub_8C019F10,61,61,0,13,22,13,0
0x8C019F8A,sub_8C019F8A,63,63,0,5,13,0,0
0x8C01A0A4,sub_8C01A0A4,97,97,0,16,14,0,0
0x8C01A166,sub_8C01A166,29,29,0,11,2,3,0
0x8C01A1A0,sub_8C01A1A0,683,683,0,114,24,9,0
0x8C01A77C,sub_8C01A77C,20,20,0,1,2,0,0
0x8C01A7A4,sub_8C01A7A4,11,11,0,5,0,4,0
0x8C01A7CC,sub_8C01A7CC,51,51,0,14,9,5,0
0x8C01A832,sub_8C01A832,11,11,0,3,2,1,0
0x8C01A848,sub_8C01A848,33,33,0,9,9,8,0
0x8C01A8D8,sub_8C01A8D8,80,80,0,18,9,5,0
0x8C01A978,sub_8C01A978,62,62,0,13,9,5,0
0x8C01A9F4,sub_8C01A9F4,5,5,0,1,1,0,0
0x8C01AA2E,sub_8C01AA2E,479,479,0,117,120,96,0
0x8C01AA30,sub_8C01AA30,478,478,0,117,120,96,0
0x8C01AFAA,sub_8C01AFAA,62,62,0,16,18,13,0
0x8C01B026,sub_8C01B026,132,132,0,31,31,23,0
0x8C01B1E8,sub_8C01B1E8,10,10,0,3,3,1,0
0x8C01B208,sub_8C01B208,52,52,0,17,13,7,0
0x8C01B270,sub_8C01B270,520,520,0,123,89,43,0
0x8C01B7E0,sub_8C01B7E0,30,30,0,4,0,0,0
0x8C01B81C,sub_8C01B81C,47,47,0,9,0,0,0
0x8C01B87A,sub_8C01B87A,18,18,0,4,0,0,0
0x8C01B8DC,sub_8C01B8DC,34,34,0,3,2,2,0
0x8C01B920,sub_8C01B920,15,15,0,2,1,1,0
0x8C01B9C4,sub_8C01B9C4,31,31,0,6,6,0,0
0x8C01BA02,sub_8C01BA02,43,43,0,9,11,9,0
0x8C01BA58,sub_8C01BA58,179,179,0,45,24,12,0
0x8C01BC3A,sub_8C01BC3A,52,52,0,9,15,6,0
0x8C01BCA2,sub_8C01BCA2,113,113,0,24,19,8,0
0x8C01BDDA,sub_8C01BDDA,2,2,0,1,0,0,0
0x8C01BDDE,sub_8C01BDDE,2,2,0,1,0,0,0
0x8C01BDE2,sub_8C01BDE2,11,11,0,4,3,0,0
0x8C01BE2C,sub_8C01BE2C,70,70,0,16,22,11,0
0x8C01BF10,sub_8C01BF10,223,223,0,51,30,26,0
0x8C01C134,sub_8C01C134,59,59,0,12,18,11,0
0x8C01C1AA,sub_8C01C1AA,43,43,0,10,8,3,0
0x8C01C200,sub_8C01C200,21,21,0,5,4,3,0
0x8C01C28E,sub_8C01C28E,164,164,0,42,37,24,0
0x8C01C290,sub_8C01C290,163,163,0,41,37,23,0
0x8C01C468,sub_8C01C468,61,61,0,11,20,9,0
0x8C01C4E2,sub_8C01C4E2,22,22,0,5,3,1,0
0x8C01C568,sub_8C01C568,363,363,0,84,72,51,0
0x8C01C570,sub_8C01C570,359,359,0,84,72,51,0
0x8C01C900,sub_8C01C900,164,164,0,46,22,21,0
0x8C01CA48,sub_8C01CA48,38,38,0,10,8,6,0
0x8C01CB08,sub_8C01CB08,211,211,0,48,41,41,0
0x8C01CB10,sub_8C01CB10,207,207,0,48,41,41,0
0x8C01CD3C,sub_8C01CD3C,18,18,0,2,6,1,0
0x8C01CD78,sub_8C01CD78,232,232,0,71,66,49,0
0x8C01D044,sub_8C01D044,105,105,0,32,30,27,0
0x8C01D190,sub_8C01D190,36,36,0,9,11,9,0
0x8C01D1D8,sub_8C01D1D8,42,42,0,8,10,7,0
0x8C01D22C,sub_8C01D22C,34,34,0,6,8,4,0
0x8C01D2D2,sub_8C01D2D2,47,47,0,12,11,9,0
0x8C01D2D4,sub_8C01D2D4,46,46,0,11,11,8,0
0x8C01D37A,sub_8C01D37A,29,29,0,5,9,4,0
0x8C01D4AC,sub_8C01D4AC,172,172,0,52,51,33,0
0x8C01D69C,sub_8C01D69C,70,70,0,19,26,18,0
0x8C01D7B0,sub_8C01D7B0,233,233,0,57,53,49,0
0x8C01DADC,sub_8C01DADC,27,27,0,7,2,1,0
0x8C01DB74,sub_8C01DB74,85,85,0,20,16,8,0
0x8C01DC1E,sub_8C01DC1E,126,126,0,28,16,4,0
0x8C01DD88,sub_8C01DD88,39,39,0,8,10,3,0
0x8C01DDD6,sub_8C01DDD6,127,127,0,18,13,2,0
0x8C01DF26,sub_8C01DF26,18,18,0,5,1,0,0
0x8C01DF4A,sub_8C01DF4A,77,77,0,11,8,2,0
0x8C01E000,sub_8C01E000,15,15,0,2,5,1,0
0x8C01E01E,sub_8C01E01E,83,83,0,11,13,2,0
0x8C01E0FC,sub_8C01E0FC,32,32,0,7,1,0,0
0x8C01E13C,sub_8C01E13C,15,15,0,1,2,0,0
0x8C01E15A,sub_8C01E15A,191,191,0,25,32,4,0
0x8C01E30A,sub_8C01E30A,18,18,0,4,3,2,0
0x8C01E378,sub_8C01E378,42,42,0,10,5,2,0
0x8C01E3CC,sub_8C01E3CC,48,48,0,15,6,5,0
0x8C01E42C,sub_8C01E42C,8,8,0,3,1,0,0
0x8C01E43C,sub_8C01E43C,4,4,0,1,2,0,0
0x8C01E474,sub_8C01E474,23,23,0,4,4,1,0
0x8C01E4A2,sub_8C01E4A2,75,75,0,20,6,6,0
0x8C01E56C,sub_8C01E56C,71,71,0,10,17,8,0
0x8C01E5CC,sub_8C01E5CC,22,22,0,3,4,2,0
0x8C01E5F8,sub_8C01E5F8,41,41,0,8,5,3,0
0x8C01E672,sub_8C01E672,56,56,0,14,8,4,0
0x8C01E6F0,sub_8C01E6F0,4,4,0,1,2,1,0
0x8C01E6F8,sub_8C01E6F8,7,7,0,1,2,1,0
0x8C01E742,sub_8C01E742,24,24,0,2,2,1,0
0x8C01E772,sub_8C01E772,42,42,0,7,6,3,0
0x8C01E83E,sub_8C01E83E,26,26,0,5,2,1,0
0x8C01E872,sub_8C01E872,35,35,0,8,3,1,0
0x8C01E90C,sub_8C01E90C,39,39,0,4,7,4,0
0x8C01E990,sub_8C01E990,41,41,0,4,6,4,0
0x8C01E9E2,sub_8C01E9E2,10,10,0,1,4,0,0
0x8C01E9F6,sub_8C01E9F6,53,53,0,9,7,2,0
0x8C01EA8E,sub_8C01EA8E,33,33,0,5,9,5,0
0x8C01EAD0,sub_8C01EAD0,13,13,0,1,1,0,0
0x8C01EAEA,sub_8C01EAEA,21,21,0,5,2,1,0
0x8C01EB14,sub_8C01EB14,107,107,0,26,12,8,0
0x8C01EC4A,sub_8C01EC4A,24,24,0,5,2,1,0
0x8C01EC7A,sub_8C01EC7A,7,7,0,1,2,1,0
0x8C01EC88,sub_8C01EC88,17,17,0,5,2,4,0
0x8C01ECAA,sub_8C01ECAA,24,24,0,5,2,4,0
0x8C01ED38,sub_8C01ED38,24,24,0,2,2,1,0
0x8C01EDBC,sub_8C01EDBC,12,12,0,1,2,1,0
0x8C01EDD4,sub_8C01EDD4,30,30,0,2,3,2,0
0x8C01EE10,sub_8C01EE10,14,14,0,1,2,1,0
0x8C01EE56,sub_8C01EE56,40,40,0,10,4,1,0
0x8C01EE58,sub_8C01EE58,39,39,0,10,4,1,0
0x8C01EEA6,sub_8C01EEA6,26,26,0,3,6,0,0
0x8C01EEDA,sub_8C01EEDA,99,99,0,19,3,1,0
0x8C01EFC0,sub_8C01EFC0,9,9,0,1,3,0,0
0x8C01EFD2,sub_8C01EFD2,80,80,0,13,8,3,0
0x8C01F098,sub_8C01F098,180,180,0,36,19,10,0
0x8C01F368,sub_8C01F368,154,154,0,29,9,3,0
0x8C01F4CA,sub_8C01F4CA,131,131,0,22,8,1,0
0x8C01F5FC,sub_8C01F5FC,121,121,0,26,19,19,0
0x8C01F6EE,sub_8C01F6EE,130,130,0,27,10,9,0
0x8C01F854,sub_8C01F854,131,131,0,27,18,12,0
0x8C01F95A,sub_8C01F95A,38,38,0,12,5,5,0
0x8C01F9A6,sub_8C01F9A6,18,18,0,2,6,1,0
0x8C01F9CA,sub_8C01F9CA,157,157,0,42,23,14,0
0x8C01FB8C,sub_8C01FB8C,39,39,0,8,9,3,0
0x8C01FBDA,sub_8C01FBDA,61,61,0,11,16,5,0
0x8C01FC54,sub_8C01FC54,26,26,0,4,2,1,0
0x8C01FCCE,sub_8C01FCCE,36,36,0,5,3,1,0
0x8C01FCD0,sub_8C01FCD0,35,35,0,5,3,1,0
0x8C01FD1C,sub_8C01FD1C,32,32,0,9,2,3,0
0x8C01FD5C,sub_8C01FD5C,29,29,0,6,2,1,0
0x8C01FD96,sub_8C01FD96,155,155,0,28,46,6,0
0x8C01FF48,sub_8C01FF48,149,149,0,40,34,25,0
0x8C0200F0,sub_8C0200F0,67,67,0,14,19,7,0
0x8C020176,sub_8C020176,90,90,0,30,18,7,0
0x8C02022A,sub_8C02022A,13,13,0,4,2,1,0
0x8C020244,sub_8C020244,4,4,0,1,1,0,0
0x8C02024C,sub_8C02024C,53,53,0,8,14,3,0
0x8C0202B6,sub_8C0202B6,16,16,0,3,4,2,0
0x8C020388,sub_8C020388,90,90,0,27,21,15,0
0x8C020488,sub_8C020488,266,266,0,70,83,49,0
0x8C0209B6,sub_8C0209B6,103,103,0,24,32,16,0
0x8C020AE8,sub_8C020AE8,21,21,0,6,6,3,0
0x8C020B54,sub_8C020B54,31,31,0,7,12,4,0
0x8C020BDE,sub_8C020BDE,84,84,0,24,22,15,0
0x8C020BE0,sub_8C020BE0,83,83,0,24,22,15,0
0x8C020C86,sub_8C020C86,33,33,0,1,3,1,0
0x8C020D1E,sub_8C020D1E,32,32,0,2,5,2,0
0x8C020D20,sub_8C020D20,31,31,0,2,5,2,0
0x8C020D78,sub_8C020D78,34,34,0,11,6,0,0
0x8C020DBC,sub_8C020DBC,88,88,0,13,4,2,0
0x8C020E6C,sub_8C020E6C,211,211,0,50,10,4,0
0x8C021040,sub_8C021040,517,517,0,76,5,11,0
0x8C021476,sub_8C021476,2200,2200,0,341,102,43,0
0x8C02274C,sub_8C02274C,36,36,0,1,2,0,0
0x8C022794,sub_8C022794,6,6,0,1,2,0,0
0x8C0227A0,sub_8C0227A0,81,81,0,16,13,4,0
0x8C022884,sub_8C022884,36,36,0,3,4,2,0
0x8C0228CC,sub_8C0228CC,18,18,0,3,4,1,0
0x8C0228F0,sub_8C0228F0,346,346,0,68,69,27,0
0x8C022CC4,sub_8C022CC4,21,21,0,4,4,2,0
0x8C022CEE,sub_8C022CEE,33,33,0,8,7,2,0
0x8C022D30,sub_8C022D30,21,21,0,1,9,0,0
0x8C022D9C,sub_8C022D9C,35,35,0,3,4,0,0
0x8C022DE2,sub_8C022DE2,203,203,0,42,26,8,0
0x8C023176,sub_8C023176,37,37,0,3,13,3,0
0x8C0231C0,sub_8C0231C0,188,188,0,41,31,15,0
0x8C0233AA,sub_8C0233AA,37,37,0,3,13,3,0
0x8C02345C,sub_8C02345C,189,189,0,44,33,16,0
0x8C023650,sub_8C023650,84,84,0,11,11,8,0
0x8C023718,sub_8C023718,1281,1281,0,126,84,59,0
0x8C0242B8,sub_8C0242B8,35,35,0,3,12,3,0
0x8C0242FE,sub_8C0242FE,178,178,0,33,11,15,0
0x8C02447C,sub_8C02447C,35,35,0,4,2,1,0
0x8C0244E4,sub_8C0244E4,240,240,0,29,30,8,0
0x8C024708,sub_8C024708,35,35,0,3,12,3,0
0x8C0247A8,sub_8C0247A8,456,456,0,107,77,41,0
0x8C024C30,sub_8C024C30,30,30,0,3,9,3,0
0x8C024C6C,sub_8C024C6C,315,315,0,51,28,33,0
0x8C024F94,sub_8C024F94,70,70,0,5,5,2,0
0x8C025088,sub_8C025088,330,330,0,55,37,41,0
0x8C02508A,sub_8C02508A,329,329,0,55,37,41,0
0x8C0253A2,sub_8C0253A2,35,35,0,3,12,3,0
0x8C0253E8,sub_8C0253E8,78,78,0,17,9,4,0
0x8C0254DE,sub_8C0254DE,35,35,0,3,12,3,0
0x8C025524,sub_8C025524,94,94,0,20,12,5,0
0x8C02562C,sub_8C02562C,33,33,0,3,11,3,0
0x8C02566E,sub_8C02566E,79,79,0,17,9,4,0
0x8C025754,sub_8C025754,40,40,0,4,13,4,0
0x8C0257A4,sub_8C0257A4,88,88,0,20,12,5,0
0x8C0258A2,sub_8C0258A2,42,42,0,4,14,4,0
0x8C025950,sub_8C025950,103,103,0,23,15,6,0
0x8C025A54,sub_8C025A54,35,35,0,3,12,3,0
0x8C025A9A,sub_8C025A9A,93,93,0,20,12,5,0
0x8C025BA8,sub_8C025BA8,37,37,0,3,12,3,0
0x8C025BF2,sub_8C025BF2,94,94,0,20,12,5,0
0x8C025CFE,sub_8C025CFE,35,35,0,3,12,3,0
0x8C025D44,sub_8C025D44,93,93,0,20,12,5,0
0x8C025E4E,sub_8C025E4E,35,35,0,3,12,3,0
0x8C025E94,sub_8C025E94,93,93,0,20,12,5,0
0x8C025FA4,sub_8C025FA4,44,44,0,3,11,3,0
0x8C025FFC,sub_8C025FFC,495,495,0,102,96,54,0
0x8C02657C,sub_8C02657C,54,54,0,5,16,3,0
0x8C0265E8,sub_8C0265E8,501,501,0,105,98,48,0
0x8C026B80,sub_8C026B80,43,43,0,6,6,6,0
0x8C026BD6,sub_8C026BD6,9,9,0,2,2,1,0
0x8C026BE8,sub_8C026BE8,6,6,0,1,1,0,0
0x8C026BF4,sub_8C026BF4,4,4,0,1,2,1,0
0x8C026C02,sub_8C026C02,12,12,0,2,2,2,0
0x8C026C1A,sub_8C026C1A,8,8,0,1,1,0,0
0x8C026C2A,sub_8C026C2A,8,8,0,1,1,0,0
0x8C026C3A,sub_8C026C3A,36,36,0,2,3,2,0
0x8C026C82,sub_8C026C82,25,25,0,1,2,1,0
0x8C026CE6,sub_8C026CE6,21,21,0,2,3,2,0
0x8C026D10,sub_8C026D10,129,129,0,20,21,7,0
0x8C026E56,sub_8C026E56,26,26,0,1,4,0,0
0x8C026E8A,sub_8C026E8A,219,219,0,27,19,11,0
0x8C02708A,sub_8C02708A,6,6,0,1,1,0,0
0x8C027096,sub_8C027096,109,109,0,29,12,1,0
0x8C0271A6,sub_8C0271A6,25,25,0,3,3,3,0
0x8C0271D8,sub_8C0271D8,18,18,0,7,3,1,0
0x8C027228,sub_8C027228,44,44,0,13,8,0,0
0x8C027280,sub_8C027280,3,3,0,1,1,0,0
0x8C0272A6,sub_8C0272A6,28,28,0,6,0,5,0
0x8C027ED8,sub_8C027ED8,62,62,0,6,14,2,0
0x8C027F28,sub_8C027F28,75,75,0,6,16,0,0
0x8C027FBE,sub_8C027FBE,15,15,0,3,4,0,0
0x8C027FDC,sub_8C027FDC,17,17,0,4,1,0,0
0x8C027FFE,sub_8C027FFE,22,22,0,3,7,0,0
0x8C02802A,sub_8C02802A,8,8,0,1,3,0,0
0x8C02803A,sub_8C02803A,6,6,0,1,1,0,0
0x8C028058,sub_8C028058,10,10,0,1,3,0,0
0x8C02806C,sub_8C02806C,89,89,0,24,6,0,0
0x8C028196,sub_8C028196,7,7,0,1,2,0,0
0x8C0281A4,sub_8C0281A4,9,9,0,1,1,0,0
0x8C0281B6,sub_8C0281B6,15,15,0,4,1,0,0
0x8C0281D4,sub_8C0281D4,72,72,0,14,4,2,0
0x8C028280,sub_8C028280,215,215,0,17,24,0,0
0x8C02842E,sub_8C02842E,54,54,0,19,5,2,0
0x8C02877A,sub_8C02877A,14,14,0,4,3,0,0
0x8C028924,sub_8C028924,43,43,0,3,11,0,0
0x8C02897A,sub_8C02897A,44,44,0,14,4,0,0
0x8C028A0C,sub_8C028A0C,1031,1031,0,189,138,32,0
0x8C0293D4,sub_8C0293D4,3,3,0,1,1,0,0
0x8C0293DA,sub_8C0293DA,8,8,0,1,2,0,0
0x8C0293EA,sub_8C0293EA,4,4,0,1,1,0,0
0x8C0293F2,sub_8C0293F2,9,9,0,1,3,0,0
0x8C029404,sub_8C029404,3,3,0,1,1,0,0
0x8C029456,sub_8C029456,79,79,0,15,12,11,0
0x8C029458,sub_8C029458,78,78,0,15,12,11,0
0x8C029528,sub_8C029528,38,38,0,9,15,4,0
0x8C029574,sub_8C029574,38,38,0,7,13,3,0
0x8C0295C0,sub_8C0295C0,237,237,0,23,13,9,0
0x8C0297F4,sub_8C0297F4,57,57,0,6,9,2,0
0x8C029866,sub_8C029866,126,126,0,25,12,11,0
0x8C029962,sub_8C029962,177,177,0,24,3,6,0
0x8C029B12,sub_8C029B12,194,194,0,33,15,4,0
0x8C029C96,sub_8C029C96,98,98,0,10,0,0,0
0x8C029DD8,sub_8C029DD8,85,85,0,27,1,0,0
0x8C029E82,sub_8C029E82,44,44,0,11,0,2,0
0x8C029EDA,sub_8C029EDA,37,37,0,6,0,0,0
0x8C029F24,sub_8C029F24,69,69,0,19,1,2,0
0x8C029FB6,sub_8C029FB6,69,69,0,19,1,2,0
0x8C02A040,sub_8C02A040,262,262,0,58,12,4,0
0x8C02A470,sub_8C02A470,173,173,0,16,5,2,0
0x8C02A5CA,sub_8C02A5CA,116,116,0,23,18,4,0
0x8C02A750,sub_8C02A750,16,16,0,6,2,0,0
0x8C02A798,sub_8C02A798,588,588,0,88,98,8,0
0x8C02ACCE,sub_8C02ACCE,63,63,0,8,4,1,0
0x8C02AD4C,sub_8C02AD4C,48,48,0,9,4,0,0
0x8C02AE3C,sub_8C02AE3C,371,371,0,76,23,24,0
0x8C02B180,sub_8C02B180,37,37,0,6,3,3,0
0x8C02B1CA,sub_8C02B1CA,210,210,0,17,15,6,0
0x8C02B3B8,sub_8C02B3B8,601,601,0,89,65,61,0
0x8C02B910,sub_8C02B910,277,277,0,47,30,18,0
0x8C02BBBC,sub_8C02BBBC,158,158,0,23,18,5,0
0x8C02BCF8,sub_8C02BCF8,143,143,0,12,15,4,0
0x8C02BE68,sub_8C02BE68,243,243,0,37,8,7,0
0x8C02C068,sub_8C02C068,530,530,0,84,40,40,0
0x8C02C506,sub_8C02C506,113,113,0,12,1,1,0
0x8C02C5F0,sub_8C02C5F0,62,62,0,7,1,1,0
0x8C02C66C,sub_8C02C66C,57,57,0,5,0,0,0
0x8C02C6DE,sub_8C02C6DE,138,138,0,13,0,0,0
0x8C02C7F2,sub_8C02C7F2,193,193,0,9,5,3,0
0x8C02D37C,sub_8C02D37C,31,31,0,3,7,2,0
0x8C02D3BA,sub_8C02D3BA,4,4,0,1,1,0,0
0x8C02D3E8,sub_8C02D3E8,342,342,0,31,41,18,0
0x8C02D694,sub_8C02D694,22,22,0,1,4,1,0
0x8C02D742,sub_8C02D742,114,114,0,14,7,3,0
0x8C02D744,sub_8C02D744,113,113,0,14,7,3,0
0x8C02D826,sub_8C02D826,27,27,0,3,9,2,0
0x8C02D8A8,sub_8C02D8A8,339,339,0,70,53,28,0
0x8C02DC14,sub_8C02DC14,67,67,0,10,7,9,0
0x8C02DC9A,sub_8C02DC9A,26,26,0,4,6,4,0
0x8C02DCCE,sub_8C02DCCE,24,24,0,4,3,3,0
0x8C02DCFE,sub_8C02DCFE,24,24,0,6,5,6,0
0x8C02DD2E,sub_8C02DD2E,44,44,0,4,1,1,0
0x8C02DD86,sub_8C02DD86,47,47,0,8,7,7,0
0x8C02DDE4,sub_8C02DDE4,30,30,0,4,3,3,0
0x8C02DE20,sub_8C02DE20,85,85,0,7,1,0,0
0x8C02DECA,sub_8C02DECA,25,25,0,4,4,3,0
0x8C02DF60,sub_8C02DF60,25,25,0,4,4,3,0
0x8C02DF9C,sub_8C02DF9C,76,76,0,11,19,0,0
0x8C02E06A,sub_8C02E06A,54,54,0,10,8,8,0
0x8C02E0D6,sub_8C02E0D6,230,230,0,33,15,18,0
0x8C02E380,sub_8C02E380,85,85,0,13,12,9,0
0x8C02E42A,sub_8C02E42A,168,168,0,28,14,10,0
0x8C02E604,sub_8C02E604,126,126,0,16,15,11,0
0x8C02E748,sub_8C02E748,47,47,0,9,7,5,0
0x8C02E7A6,sub_8C02E7A6,437,437,0,105,62,18,0
0x8C02EBBA,sub_8C02EBBA,27,27,0,6,6,2,0
0x8C02F096,sub_8C02F096,6,6,0,1,2,0,0
0x8C02F1BC,sub_8C02F1BC,38,38,0,6,11,3,0
0x8C02F208,sub_8C02F208,280,280,0,49,29,20,0
0x8C02F4CA,sub_8C02F4CA,231,231,0,25,15,11,0
0x8C02F698,sub_8C02F698,4,4,0,1,1,0,0
0x8C02F6E8,sub_8C02F6E8,518,518,0,89,34,51,0
0x8C02FB94,sub_8C02FB94,164,164,0,37,14,11,0
0x8C02FCDC,sub_8C02FCDC,124,124,0,23,8,5,0
0x8C02FE20,sub_8C02FE20,57,57,0,10,4,3,0
0x8C02FE92,sub_8C02FE92,58,58,0,9,6,2,0
0x8C02FF06,sub_8C02FF06,143,143,0,27,12,1,0
0x8C030AF0,sub_8C030AF0,34,34,0,4,9,3,0
0x8C030B34,sub_8C030B34,28,28,0,9,8,1,0
0x8C030B6C,sub_8C030B6C,96,96,0,18,18,13,0
0x8C030C9C,sub_8C030C9C,12,12,0,2,4,2,0
0x8C030CB4,sub_8C030CB4,188,188,0,22,17,11,0
0x8C030E54,sub_8C030E54,8,8,0,3,1,0,0
0x8C030EB4,sub_8C030EB4,8,8,0,3,1,0,0
0x8C030EC4,sub_8C030EC4,21,21,0,7,2,0,0
0x8C030EEE,sub_8C030EEE,60,60,0,16,4,0,0
0x8C030F66,sub_8C030F66,130,130,0,18,24,0,0
0x8C031444,sub_8C031444,4,4,0,1,2,1,0
0x8C03144C,sub_8C03144C,3,3,0,1,1,1,0
0x8C03145E,sub_8C03145E,126,126,0,22,57,21,0
0x8C031460,sub_8C031460,125,125,0,22,57,21,0
0x8C03155A,sub_8C03155A,10,10,0,4,1,1,0
0x8C0318A2,sub_8C0318A2,9,9,0,2,4,2,0
0x8C0318B4,sub_8C0318B4,58,58,0,12,4,3,0
0x8C031928,sub_8C031928,21,21,0,3,2,1,0
0x8C0319CA,sub_8C0319CA,113,113,0,20,24,17,0
0x8C0319CC,sub_8C0319CC,112,112,0,19,24,16,0
0x8C031AAC,sub_8C031AAC,17,17,0,2,4,2,0
0x8C031ACE,sub_8C031ACE,16,16,0,3,2,2,0
0x8C031AEE,sub_8C031AEE,10,10,0,2,4,1,0
0x8C031B74,sub_8C031B74,16,16,0,4,4,1,0
0x8C031B94,sub_8C031B94,20,20,0,8,1,0,0
0x8C031BBC,sub_8C031BBC,155,155,0,37,3,2,0
0x8C031D0C,sub_8C031D0C,180,180,0,49,4,2,0
0x8C031E86,sub_8C031E86,44,44,0,10,0,4,0
0x8C031F4E,sub_8C031F4E,35,35,0,5,4,5,0
0x8C03209A,sub_8C03209A,91,91,0,22,8,8,0
0x8C03209C,sub_8C03209C,90,90,0,22,8,8,0
0x8C032210,sub_8C032210,110,110,0,26,10,7,0
0x8C03232A,sub_8C03232A,63,63,0,12,9,4,0
0x8C0323D0,sub_8C0323D0,51,51,0,10,16,5,0
0x8C0328D8,sub_8C0328D8,53,53,0,8,2,4,0
0x8C03332C,sub_8C03332C,74,74,0,19,2,2,0
0x8C0333C0,sub_8C0333C0,46,46,0,13,0,0,0
0x8C03341C,sub_8C03341C,3,3,0,1,1,0,0
0x8C03346E,sub_8C03346E,122,122,0,11,4,1,0
0x8C033578,sub_8C033578,128,128,0,24,21,10,0
0x8C0336C8,sub_8C0336C8,91,91,0,12,4,2,0
0x8C03378A,sub_8C03378A,112,112,0,13,9,8,0
0x8C03378C,sub_8C03378C,111,111,0,13,9,8,0
0x8C03386A,sub_8C03386A,77,77,0,16,5,1,0
0x8C03393C,sub_8C03393C,3,3,0,1,1,0,0
0x8C033942,sub_8C033942,3,3,0,1,1,0,0
0x8C033948,sub_8C033948,60,60,0,14,7,3,0
0x8C0339C0,sub_8C0339C0,3,3,0,1,1,0,0
0x8C0339FA,sub_8C0339FA,65,65,0,13,9,3,0
0x8C0339FC,sub_8C0339FC,64,64,0,13,9,3,0
0x8C033A7C,sub_8C033A7C,75,75,0,15,3,2,0
0x8C033B12,sub_8C033B12,366,366,0,38,14,0,0
0x8C034320,sub_8C034320,60,60,0,14,4,0,0
0x8C0343B8,sub_8C0343B8,100,100,0,23,7,2,0
0x8C03449C,sub_8C03449C,45,45,0,5,7,2,0
0x8C0345EC,sub_8C0345EC,248,248,0,46,16,5,0
0x8C034804,sub_8C034804,113,113,0,17,10,2,0
0x8C034928,sub_8C034928,534,534,0,83,57,16,0
0x8C0350A6,sub_8C0350A6,349,349,0,80,19,8,0
0x8C0353A2,sub_8C0353A2,59,59,0,15,6,1,0
0x8C03542A,sub_8C03542A,138,138,0,20,19,6,0
0x8C035560,sub_8C035560,522,522,0,88,24,18,0
0x8C035A20,sub_8C035A20,31,31,0,15,1,1,0
0x8C035A5E,sub_8C035A5E,105,105,0,18,2,1,0
0x8C0368B4,sub_8C0368B4,40,40,0,10,10,4,0
0x8C036904,sub_8C036904,25,25,0,7,2,1,0
0x8C039D7E,sub_8C039D7E,274,274,0,60,30,13,0
0x8C03B098,sub_8C03B098,131,131,0,28,30,13,0
0x8C03B1EC,sub_8C03B1EC,41,41,0,9,6,4,0
0x8C03B23E,sub_8C03B23E,74,74,0,13,10,0,0
0x8C03B318,sub_8C03B318,6,6,0,3,1,0,0
0x8C03B324,sub_8C03B324,275,275,0,41,49,18,0
0x8C03B5E0,sub_8C03B5E0,121,121,0,13,16,3,0
0x8C03B72E,sub_8C03B72E,424,424,0,27,18,13,0
0x8C03BABA,sub_8C03BABA,138,138,0,15,6,2,0
0x8C03BC10,sub_8C03BC10,445,445,0,47,60,27,0
0x8C03C070,sub_8C03C070,583,583,0,89,74,33,0
0x8C03C5D6,sub_8C03C5D6,721,721,0,147,91,42,0
0x8C03E07C,sub_8C03E07C,48,48,0,12,9,11,0
0x8C03E0DC,sub_8C03E0DC,45,45,0,9,12,6,0
0x8C03E154,sub_8C03E154,47,47,0,5,16,3,0
0x8C03E2A0,sub_8C03E2A0,92,92,0,23,16,4,0
0x8C03E37E,sub_8C03E37E,64,64,0,12,20,7,0
0x8C03E43C,sub_8C03E43C,74,74,0,10,6,0,0
0x8C03E4D0,sub_8C03E4D0,18,18,0,4,1,1,0
0x8C03E4F4,sub_8C03E4F4,27,27,0,6,5,1,0
0x8C03E52A,sub_8C03E52A,17,17,0,5,2,0,0
0x8C03E578,sub_8C03E578,64,64,0,14,11,3,0
0x8C03E5F8,sub_8C03E5F8,104,104,0,22,11,4,0
0x8C03E712,sub_8C03E712,50,50,0,19,5,2,0
0x8C03E776,sub_8C03E776,14,14,0,3,5,2,0
0x8C03E792,sub_8C03E792,24,24,0,4,3,1,0
0x8C03E806,sub_8C03E806,10,10,0,1,2,1,0
0x8C03E81A,sub_8C03E81A,125,125,0,38,19,11,0
0x8C03E974,sub_8C03E974,110,110,0,21,3,3,0
0x8C03EA54,sub_8C03EA54,227,227,0,38,17,11,0
0x8C03EC48,sub_8C03EC48,127,127,0,21,10,3,0
0x8C03ED46,sub_8C03ED46,187,187,0,30,16,13,0
0x8C03EEFE,sub_8C03EEFE,32,32,0,9,3,3,0
0x8C03EF3E,sub_8C03EF3E,110,110,0,19,12,0,0
0x8C03F03C,sub_8C03F03C,95,95,0,27,18,12,0
0x8C03F130,sub_8C03F130,18,18,0,5,4,3,0
0x8C03F154,sub_8C03F154,5,5,0,1,1,0,0
0x8C03F15E,sub_8C03F15E,3,3,0,1,1,0,0
0x8C03F164,sub_8C03F164,11,11,0,3,2,1,0
0x8C03F17A,sub_8C03F17A,16,16,0,1,5,1,0
0x8C03F19A,sub_8C03F19A,16,16,0,1,8,0,0
0x8C03F228,sub_8C03F228,212,212,0,21,51,11,0
0x8C03F3F4,sub_8C03F3F4,29,29,0,8,6,6,0
0x8C03F42E,sub_8C03F42E,71,71,0,6,2,0,0
0x8C03F4BC,sub_8C03F4BC,302,302,0,38,10,11,0
0x8C03F77C,sub_8C03F77C,35,35,0,4,5,3,0
0x8C03F7C2,sub_8C03F7C2,144,144,0,28,3,4,0
0x8C03F904,sub_8C03F904,34,34,0,5,4,2,0
0x8C03F948,sub_8C03F948,68,68,0,12,5,1,0
0x8C03F9D0,sub_8C03F9D0,21,21,0,3,1,0,0
0x8C03FA16,sub_8C03FA16,211,211,0,23,5,1,0
0x8C03FA18,sub_8C03FA18,210,210,0,23,5,1,0
0x8C03FBBC,sub_8C03FBBC,14,14,0,3,1,0,0
0x8C03FBD8,sub_8C03FBD8,407,407,0,104,18,19,0
0x8C03FF4A,sub_8C03FF4A,214,214,0,42,38,20,0
0x8C040166,sub_8C040166,23,23,0,7,4,0,0
0x8C0401D8,sub_8C0401D8,81,81,0,14,13,0,0
0x8C04027A,sub_8C04027A,520,520,0,94,32,16,0
0x8C040704,sub_8C040704,222,222,0,33,16,6,0
0x8C0408F2,sub_8C0408F2,277,277,0,50,27,31,0
0x8C040BEC,sub_8C040BEC,90,90,0,21,13,1,0
0x8C040CA0,sub_8C040CA0,15,15,0,1,6,0,0
0x8C040CBE,sub_8C040CBE,26,26,0,2,4,1,0
0x8C040CF2,sub_8C040CF2,26,26,0,2,4,1,0
0x8C040D68,sub_8C040D68,20,20,0,3,4,0,0
0x8C040D90,sub_8C040D90,28,28,0,5,2,2,0
0x8C040DC8,sub_8C040DC8,29,29,0,5,2,2,0
0x8C040E02,sub_8C040E02,28,28,0,5,2,2,0
0x8C040E3A,sub_8C040E3A,17,17,0,4,1,1,0
0x8C040E5C,sub_8C040E5C,29,29,0,6,1,1,0
0x8C040EC4,sub_8C040EC4,29,29,0,6,1,1,0
0x8C040EFE,sub_8C040EFE,18,18,0,4,1,1,0
0x8C040F22,sub_8C040F22,48,48,0,8,6,2,0
0x8C040FB4,sub_8C040FB4,52,52,0,9,6,2,0
0x8C041070,sub_8C041070,100,100,0,18,17,9,0
0x8C041176,sub_8C041176,114,114,0,17,24,13,0
0x8C041178,sub_8C041178,113,113,0,17,24,13,0
0x8C041298,sub_8C041298,220,220,0,46,34,21,0
0x8C0414D8,sub_8C0414D8,113,113,0,19,25,14,0
0x8C0415BA,sub_8C0415BA,41,41,0,7,16,7,0
0x8C041664,sub_8C041664,90,90,0,9,7,4,0
0x8C041718,sub_8C041718,324,324,0,61,57,16,0
0x8C041A44,sub_8C041A44,323,323,0,54,54,31,0
0x8C041D5C,sub_8C041D5C,374,374,0,77,40,48,0
0x8C0420B0,sub_8C0420B0,317,317,0,67,47,45,0
0x8C0423C8,sub_8C0423C8,15,15,0,3,2,0,0
0x8C0423E6,sub_8C0423E6,239,239,0,48,49,19,0
0x8C0426B8,sub_8C0426B8,100,100,0,19,16,1,0
0x8C042798,sub_8C042798,326,326,0,56,49,5,0
0x8C042A66,sub_8C042A66,113,113,0,15,27,3,0
0x8C042BA8,sub_8C042BA8,945,945,0,169,134,39,0
0x8C043470,sub_8C043470,67,67,0,11,11,2,0
0x8C0434F6,sub_8C0434F6,89,89,0,15,17,3,0
0x8C0435E2,sub_8C0435E2,82,82,0,14,14,6,0
0x8C0436B8,sub_8C0436B8,31,31,0,6,4,2,0
0x8C0436F6,sub_8C0436F6,8,8,0,1,1,0,0
0x8C043706,sub_8C043706,170,170,0,30,22,8,0
0x8C0438C0,sub_8C0438C0,245,245,0,15,35,11,0
0x8C043B00,sub_8C043B00,181,181,0,27,33,11,0
0x8C043CCC,sub_8C043CCC,194,194,0,32,44,19,0
0x8C043E98,sub_8C043E98,183,183,0,32,37,12,0
0x8C0440A4,sub_8C0440A4,307,307,0,55,62,33,0
0x8C0443AC,sub_8C0443AC,277,277,0,48,58,31,0
0x8C044664,sub_8C044664,285,285,0,50,64,31,0
0x8C044940,sub_8C044940,18,18,0,4,4,0,0
0x8C044964,sub_8C044964,246,246,0,50,19,5,0
0x8C044BA0,sub_8C044BA0,334,334,0,66,51,13,0
0x8C044EDC,sub_8C044EDC,95,95,0,11,18,6,0
0x8C044F9A,sub_8C044F9A,147,147,0,15,30,9,0
0x8C045108,sub_8C045108,166,166,0,22,11,11,0
0x8C045284,sub_8C045284,610,610,0,87,104,65,0
0x8C04586C,sub_8C04586C,306,306,0,47,71,39,0
0x8C045BAC,sub_8C045BAC,184,184,0,25,35,15,0
0x8C045D66,sub_8C045D66,413,413,0,74,95,58,0
0x8C0461B0,sub_8C0461B0,153,153,0,19,13,4,0
0x8C04630C,sub_8C04630C,155,155,0,27,12,3,0
0x8C046460,sub_8C046460,3,3,0,1,1,0,0
0x8C046466,sub_8C046466,25,25,0,3,5,0,0
0x8C0464AE,sub_8C0464AE,6,6,0,1,2,0,0
0x8C0464DE,sub_8C0464DE,9,9,0,3,1,0,0
0x8C0464F0,sub_8C0464F0,94,94,0,24,19,10,0
0x8C046658,sub_8C046658,75,75,0,18,11,9,0
0x8C046724,sub_8C046724,39,39,0,7,4,1,0
0x8C046814,sub_8C046814,75,75,0,12,9,11,0
0x8C0468AA,sub_8C0468AA,73,73,0,8,3,2,0
0x8C0469E2,sub_8C0469E2,217,217,0,51,1,8,0
0x8C046BCA,sub_8C046BCA,218,218,0,48,2,8,0
0x8C046D8C,sub_8C046D8C,297,297,0,38,1,5,0
0x8C046FDE,sub_8C046FDE,78,78,0,10,1,0,0
0x8C0471C4,sub_8C0471C4,29,29,0,7,4,1,0
0x8C047216,sub_8C047216,174,174,0,25,17,10,0
0x8C04739A,sub_8C04739A,241,241,0,40,30,13,0
0x8C047624,sub_8C047624,92,92,0,18,24,4,0
0x8C0476DC,sub_8C0476DC,309,309,0,58,37,4,0
0x8C047A4A,sub_8C047A4A,45,45,0,10,4,1,0
0x8C047AA4,sub_8C047AA4,3,3,0,1,1,0,0
0x8C047AAA,sub_8C047AAA,3,3,0,1,1,0,0
0x8C047AB0,sub_8C047AB0,117,117,0,18,16,7,0
0x8C047BDA,sub_8C047BDA,57,57,0,14,9,1,0
0x8C047C8E,sub_8C047C8E,20,20,0,4,1,1,0
0x8C047CB6,sub_8C047CB6,633,633,0,161,56,23,0
0x8C048262,sub_8C048262,1151,1151,0,255,162,51,0
0x8C048D70,sub_8C048D70,12,12,0,1,3,0,0
0x8C048DFA,sub_8C048DFA,58,58,0,13,18,11,0
0x8C048DFC,sub_8C048DFC,57,57,0,13,18,11,0
0x8C0491D8,sub_8C0491D8,224,224,0,21,77,9,0
0x8C0494A4,sub_8C0494A4,110,110,0,35,29,20,0
0x8C049610,sub_8C049610,957,957,0,194,161,76,0
0x8C049F58,sub_8C049F58,1799,1799,0,308,194,122,0
0x8C04AFEC,sub_8C04AFEC,103,103,0,18,2,4,0
0x8C04B0BA,sub_8C04B0BA,21,21,0,7,2,0,0
0x8C04B0E4,sub_8C04B0E4,21,21,0,7,2,0,0
0x8C04B12A,sub_8C04B12A,43,43,0,14,4,0,0
0x8C04B180,sub_8C04B180,57,57,0,6,23,0,0
0x8C04B1E6,sub_8C04B1E6,102,102,0,10,8,3,0
0x8C04B32C,sub_8C04B32C,131,131,0,19,18,12,0
0x8C04B432,sub_8C04B432,30,30,0,7,6,3,0
0x8C04B4C2,sub_8C04B4C2,78,78,0,15,17,11,1
0x8C04B4C4,sub_8C04B4C4,77,77,0,15,17,11,1
0x8C04B514,sub_8C04B514,16,16,0,3,3,2,0
0x8C04B526,sub_8C04B526,40,40,0,8,9,7,0
0x8C04B562,sub_8C04B562,18,18,0,4,6,4,0
0x8C04B586,sub_8C04B586,6,6,0,1,3,0,0
0x8C04B592,sub_8C04B592,142,142,0,43,24,13,0
0x8C04B73C,sub_8C04B73C,289,289,0,69,39,27,0
0x8C04BA04,sub_8C04BA04,31,31,0,7,0,0,0
0x8C04BA42,sub_8C04BA42,34,34,0,8,2,0,0
0x8C04BA86,sub_8C04BA86,92,92,0,16,13,5,0
0x8C04BB7E,sub_8C04BB7E,121,121,0,40,21,20,0
0x8C04BCCE,sub_8C04BCCE,32,32,0,9,7,3,0
0x8C04BD0E,sub_8C04BD0E,27,27,0,7,8,2,0
0x8C04BD7A,sub_8C04BD7A,94,94,0,17,11,1,0
0x8C04BD7C,sub_8C04BD7C,93,93,0,17,11,1,0
0x8C04BE36,sub_8C04BE36,78,78,0,19,4,2,0
0x8C04BED2,sub_8C04BED2,33,33,0,8,2,1,0
0x8C04BF14,sub_8C04BF14,37,37,0,8,3,0,0
0x8C04BFE0,sub_8C04BFE0,45,45,0,11,6,1,0
0x8C04C03A,sub_8C04C03A,46,46,0,11,5,1,0
0x8C04C0C4,sub_8C04C0C4,44,44,0,8,5,1,0
0x8C04C11C,sub_8C04C11C,14,14,0,4,2,1,0
0x8C04C138,sub_8C04C138,34,34,0,6,0,0,0
0x8C04C194,sub_8C04C194,195,195,0,23,10,5,0
0x8C04C354,sub_8C04C354,207,207,0,38,24,13,0
0x8C04C544,sub_8C04C544,54,54,0,9,10,7,0
0x8C04C5B0,sub_8C04C5B0,6,6,0,1,2,0,0
0x8C04C5BC,sub_8C04C5BC,155,155,0,34,27,20,0
0x8C04C5DA,sub_8C04C5DA,446,446,0,83,86,39,0
0x8C04CA94,sub_8C04CA94,137,137,0,19,19,14,0
0x8C04CBA6,sub_8C04CBA6,41,41,0,9,12,7,0
0x8C04CBF8,sub_8C04CBF8,170,170,0,35,31,17,0
0x8C04CDE4,sub_8C04CDE4,34,34,0,9,11,8,0
0x8C04CE28,sub_8C04CE28,429,429,0,82,61,28,0
0x8C04D3F8,sub_8C04D3F8,2,2,0,1,0,0,0
0x8C04D448,sub_8C04D448,150,150,0,21,5,5,0
0x8C04D58C,sub_8C04D58C,55,55,0,7,9,0,0
0x8C04D5FA,sub_8C04D5FA,743,743,0,151,75,57,0
0x8C04DCF0,sub_8C04DCF0,344,344,0,59,26,15,0
0x8C04E03C,sub_8C04E03C,125,125,0,23,8,1,0
0x8C04E152,sub_8C04E152,32,32,0,5,2,0,0
0x8C04E192,sub_8C04E192,238,238,0,26,15,9,0
0x8C04E3C0,sub_8C04E3C0,61,61,0,11,11,8,0
0x8C04E43A,sub_8C04E43A,18,18,0,3,1,0,0
0x8C04E45E,sub_8C04E45E,64,64,0,16,6,4,0
0x8C04E526,sub_8C04E526,77,77,0,8,10,7,0
0x8C04E64E,sub_8C04E64E,15,15,0,1,4,0,0
0x8C04E6BC,sub_8C04E6BC,141,141,0,14,51,10,0
0x8C04E92C,sub_8C04E92C,22,22,0,4,3,1,0
0x8C04E9AC,sub_8C04E9AC,156,156,0,39,27,3,0
0x8C04F224,sub_8C04F224,62,62,0,15,18,14,0
0x8C04F2A0,sub_8C04F2A0,45,45,0,8,9,4,0
0x8C04F35C,sub_8C04F35C,58,58,0,13,16,12,0
0x8C04F40A,sub_8C04F40A,41,41,0,5,1,3,0
0x8C04F41C,sub_8C04F41C,32,32,0,1,2,0,0
0x8C04F45C,sub_8C04F45C,28,28,0,1,1,0,0
0x8C04F494,sub_8C04F494,34,34,0,1,1,0,0
0x8C04FBF0,sub_8C04FBF0,69,69,0,13,19,11,0
0x8C04FC7A,sub_8C04FC7A,12,12,0,3,3,1,0
0x8C04FC92,sub_8C04FC92,13,13,0,1,5,0,0
0x8C04FCAC,sub_8C04FCAC,36,36,0,1,1,0,0
0x8C04FCF4,sub_8C04FCF4,32,32,0,1,1,0,0
0x8C04FDB4,sub_8C04FDB4,36,36,0,1,2,0,0
0x8C04FDFC,sub_8C04FDFC,44,44,0,1,5,0,0
0x8C04FE54,sub_8C04FE54,46,46,0,1,8,0,0
0x8C04FEB0,sub_8C04FEB0,13,13,0,1,5,0,0
0x8C04FECA,sub_8C04FECA,12,12,0,1,5,0,0
0x8C04FF50,sub_8C04FF50,42,42,0,1,4,0,0
0x8C04FFA4,sub_8C04FFA4,43,43,0,1,6,0,0
0x8C04FFFA,sub_8C04FFFA,42,42,0,1,3,0,0
0x8C05004E,sub_8C05004E,39,39,0,9,9,2,0
0x8C050104,sub_8C050104,223,223,0,54,50,25,0
0x8C050386,sub_8C050386,17,17,0,2,5,1,0
0x8C0503B4,sub_8C0503B4,16,16,0,3,4,3,0
0x8C0503D4,sub_8C0503D4,9,9,0,1,3,0,0
0x8C0503E6,sub_8C0503E6,5,5,0,1,2,0,0
0x8C0503F0,sub_8C0503F0,5,5,0,1,2,0,0
0x8C0503FA,sub_8C0503FA,7,7,0,1,3,0,0
0x8C050408,sub_8C050408,28,28,0,5,5,2,0
0x8C050440,sub_8C050440,4,4,0,1,1,0,0
0x8C050448,sub_8C050448,9,9,0,1,3,0,0
0x8C05045A,sub_8C05045A,6,6,0,1,2,0,0
0x8C0504EA,sub_8C0504EA,6,6,0,1,2,0,0
0x8C0504F6,sub_8C0504F6,33,33,0,3,11,1,0
0x8C050538,sub_8C050538,6,6,0,1,2,0,0
0x8C050552,sub_8C050552,34,34,0,7,10,3,0
0x8C050596,sub_8C050596,6,6,0,1,2,0,0
0x8C050600,sub_8C050600,31,31,0,6,9,3,0
0x8C05063E,sub_8C05063E,6,6,0,1,2,0,0
0x8C05069A,sub_8C05069A,20,20,0,2,5,1,0
0x8C0506C2,sub_8C0506C2,14,14,0,3,4,2,0
0x8C0506DE,sub_8C0506DE,33,33,0,7,5,2,0
0x8C050720,sub_8C050720,6,6,0,1,2,0,0
0x8C05072C,sub_8C05072C,10,10,0,2,2,1,0
0x8C050740,sub_8C050740,6,6,0,1,2,0,0
0x8C05074C,sub_8C05074C,160,160,0,29,22,16,0
0x8C050958,sub_8C050958,442,442,0,91,42,28,0
0x8C050D20,sub_8C050D20,34,34,0,11,7,5,0
0x8C050DB0,sub_8C050DB0,273,273,0,64,28,17,0
0x8C051034,sub_8C051034,505,505,0,87,79,41,0
0x8C051524,sub_8C051524,42,42,0,2,3,1,0
0x8C051578,sub_8C051578,29,29,0,5,2,0,0
0x8C0515DC,sub_8C0515DC,49,49,0,6,7,2,0
0x8C05163E,sub_8C05163E,146,146,0,23,14,8,0
0x8C0517A8,sub_8C0517A8,39,39,0,6,7,1,0
0x8C0517F6,sub_8C0517F6,39,39,0,6,6,3,0
0x8C051844,sub_8C051844,9,9,0,1,0,0,0
0x8C0518B8,sub_8C0518B8,379,379,0,69,45,27,0
0x8C051C58,sub_8C051C58,150,150,0,24,22,15,0
0x8C051DD4,sub_8C051DD4,39,39,0,13,9,2,0
0x8C051E22,sub_8C051E22,374,374,0,71,42,16,0
0x8C052186,sub_8C052186,43,43,0,11,5,3,0
0x8C0521DC,sub_8C0521DC,73,73,0,15,10,5,0
0x8C0522C8,sub_8C0522C8,68,68,0,6,9,6,0
0x8C0523B0,sub_8C0523B0,51,51,0,10,3,3,0
0x8C052416,sub_8C052416,106,106,0,13,7,6,0
0x8C05251C,sub_8C05251C,24,24,0,6,3,3,0
0x8C052546,sub_8C052546,70,70,0,9,10,8,0
0x8C0525D8,sub_8C0525D8,55,55,0,8,8,2,0
0x8C05268C,sub_8C05268C,75,75,0,13,14,6,0
0x8C052722,sub_8C052722,55,55,0,8,8,2,0
0x8C0527C4,sub_8C0527C4,81,81,0,18,10,4,0
0x8C052866,sub_8C052866,92,92,0,13,14,6,0
0x8C052942,sub_8C052942,46,46,0,3,4,0,0
0x8C0529EC,sub_8C0529EC,187,187,0,24,18,5,0
0x8C052BA6,sub_8C052BA6,45,45,0,9,8,2,0
0x8C052C00,sub_8C052C00,114,114,0,20,20,4,0
0x8C052D5C,sub_8C052D5C,47,47,0,5,2,2,0
0x8C052DBA,sub_8C052DBA,7,7,0,1,1,1,0
0x8C052DD6,sub_8C052DD6,40,40,0,4,1,2,0
0x8C052DD8,sub_8C052DD8,39,39,0,4,1,2,0
0x8C052DE6,sub_8C052DE6,114,114,0,20,20,19,0
0x8C052ECA,sub_8C052ECA,40,40,0,1,5,0,0
0x8C052FCC,sub_8C052FCC,63,63,0,9,10,7,0
0x8C05304A,sub_8C05304A,164,164,0,24,24,9,0
0x8C05305E,sub_8C05305E,47,47,0,8,9,3,0
0x8C05311C,sub_8C05311C,16,16,0,2,4,1,0
0x8C0532E6,sub_8C0532E6,34,34,0,2,5,2,0
0x8C053420,sub_8C053420,27,27,0,5,7,5,0
0x8C0537EC,sub_8C0537EC,101,101,0,21,16,20,0
0x8C0538F4,sub_8C0538F4,79,79,0,18,13,17,0
0x8C053992,sub_8C053992,203,203,0,34,28,19,0
0x8C053B72,sub_8C053B72,24,24,0,1,2,0,0
0x8C053C00,sub_8C053C00,46,46,0,8,8,4,0
0x8C053C5C,sub_8C053C5C,30,30,0,1,2,1,0
0x8C053C98,sub_8C053C98,38,38,0,4,4,1,0
0x8C053D20,sub_8C053D20,40,40,0,4,16,4,0
0x8C053D70,sub_8C053D70,196,196,0,40,18,6,0
0x8C053F6A,sub_8C053F6A,58,58,0,8,10,1,0
0x8C053FDE,sub_8C053FDE,10,10,0,2,3,1,0
0x8C053FF2,sub_8C053FF2,48,48,0,8,10,2,0
0x8C054052,sub_8C054052,11,11,0,2,4,2,0
0x8C054068,sub_8C054068,11,11,0,2,4,2,0
0x8C05407E,sub_8C05407E,28,28,0,1,1,0,0
0x8C0540FC,sub_8C0540FC,410,410,0,55,56,17,0
0x8C054100,sub_8C054100,408,408,0,55,56,17,0
0x8C0544CC,sub_8C0544CC,28,28,0,1,1,0,0
0x8C054504,sub_8C054504,739,739,0,146,133,59,0
0x8C054C24,sub_8C054C24,28,28,0,1,1,0,0
0x8C054C7A,sub_8C054C7A,281,281,0,48,43,24,0
0x8C054C7C,sub_8C054C7C,280,280,0,48,43,24,0
0x8C054F24,sub_8C054F24,24,24,0,1,1,0,0
0x8C054F54,sub_8C054F54,229,229,0,36,28,12,0
0x8C0551A0,sub_8C0551A0,112,112,0,17,14,0,0
0x8C0552A8,sub_8C0552A8,44,44,0,12,4,0,0
0x8C055316,sub_8C055316,105,105,0,24,23,11,0
0x8C055318,sub_8C055318,104,104,0,24,23,11,0
0x8C055440,sub_8C055440,75,75,0,13,12,0,0
0x8C0554D6,sub_8C0554D6,36,36,0,1,1,0,0
0x8C055546,sub_8C055546,95,95,0,15,27,5,0
0x8C055548,sub_8C055548,94,94,0,15,27,5,0
0x8C055604,sub_8C055604,101,101,0,16,9,3,0
0x8C055766,sub_8C055766,44,44,0,18,8,0,0
0x8C057624,sub_8C057624,51,51,0,10,14,8,0
0x8C05763E,sub_8C05763E,49,49,0,9,10,4,0
0x8C0577D4,sub_8C0577D4,193,193,0,27,20,1,0
0x8C0579E0,sub_8C0579E0,56,56,0,2,16,1,0
0x8C057A50,sub_8C057A50,41,41,0,9,5,1,0
0x8C057AEC,sub_8C057AEC,70,70,0,21,17,0,0
0x8C057BB4,sub_8C057BB4,390,390,0,103,53,17,0
0x8C057F3C,sub_8C057F3C,32,32,0,7,4,2,0
0x8C057F7C,sub_8C057F7C,28,28,0,7,5,2,0
0x8C058000,sub_8C058000,11,11,0,2,2,1,0
0x8C058490,sub_8C058490,26,26,0,5,6,1,0
0x8C0584BA,sub_8C0584BA,105,105,0,20,13,5,0
0x8C0584DA,sub_8C0584DA,4,4,0,1,1,0,0
0x8C058688,sub_8C058688,14,14,0,4,1,0,0
0x8C0586BC,sub_8C0586BC,18,18,0,5,3,0,0
0x8C0586E0,sub_8C0586E0,30,30,0,4,4,3,0
0x8C05872E,sub_8C05872E,42,42,0,7,4,2,0
0x8C058782,sub_8C058782,85,85,0,13,3,2,0
0x8C0588EC,sub_8C0588EC,25,25,0,4,4,4,0
0x8C05891E,sub_8C05891E,32,32,0,4,4,4,0
0x8C058972,sub_8C058972,118,118,0,20,17,15,0
0x8C058974,sub_8C058974,117,117,0,20,17,15,0
0x8C058AA0,sub_8C058AA0,83,83,0,15,14,11,0
0x8C058B46,sub_8C058B46,46,46,0,7,9,6,0
0x8C058BE2,sub_8C058BE2,98,98,0,20,14,15,0
0x8C058BE4,sub_8C058BE4,97,97,0,20,14,15,0
0x8C058CA6,sub_8C058CA6,57,57,0,9,5,0,0
0x8C058D4C,sub_8C058D4C,96,96,0,16,7,1,0
0x8C058D4E,sub_8C058D4E,95,95,0,16,7,1,0
0x8C058E20,sub_8C058E20,49,49,0,5,5,3,0
0x8C058E82,sub_8C058E82,14,14,0,4,0,1,0
0x8C058E9E,sub_8C058E9E,31,31,0,7,2,1,0
0x8C058EDC,sub_8C058EDC,68,68,0,15,7,6,0
0x8C058F64,sub_8C058F64,65,65,0,23,5,0,0
0x8C058FE6,sub_8C058FE6,19,19,0,4,2,1,0
0x8C05903E,sub_8C05903E,27,27,0,5,2,1,0
0x8C059040,sub_8C059040,26,26,0,5,2,1,0
0x8C059074,sub_8C059074,13,13,0,4,1,1,0
0x8C05909C,sub_8C05909C,6,6,0,1,2,0,0
0x8C0590A8,sub_8C0590A8,223,223,0,38,29,7,0
0x8C059298,sub_8C059298,196,196,0,27,25,4,0
0x8C05946A,sub_8C05946A,147,147,0,17,12,0,0
0x8C0595B2,sub_8C0595B2,304,304,0,45,22,0,0
0x8C059858,sub_8C059858,72,72,0,24,7,0,0
0x8C059908,sub_8C059908,3,3,0,1,1,0,0
0x8C05990E,sub_8C05990E,35,35,0,7,8,4,0
0x8C059954,sub_8C059954,5,5,0,1,1,0,0
0x8C05995E,sub_8C05995E,5,5,0,1,1,0,0
0x8C0599B0,sub_8C0599B0,217,217,0,20,13,12,0
0x8C059B62,sub_8C059B62,72,72,0,8,0,0,0
0x8C059C64,sub_8C059C64,141,141,0,23,2,4,0
0x8C059D88,sub_8C059D88,2,2,0,1,0,0,0
0x8C059D8C,sub_8C059D8C,55,55,0,3,7,1,0
0x8C059D92,sub_8C059D92,7,7,0,1,4,0,0
0x8C05A338,sub_8C05A338,15,15,0,4,5,4,0
0x8C05A356,sub_8C05A356,20,20,0,5,6,5,0
0x8C05A37E,sub_8C05A37E,25,25,0,5,6,5,0
0x8C05A3B0,sub_8C05A3B0,10,10,0,1,1,0,0
0x8C05A3F8,sub_8C05A3F8,496,496,0,72,70,50,0
0x8C05A8C4,sub_8C05A8C4,31,31,0,4,7,0,0
0x8C05A902,sub_8C05A902,12,12,0,4,1,3,0
0x8C05A938,sub_8C05A938,161,161,0,25,12,6,0
0x8C05AA9A,sub_8C05AA9A,54,54,0,8,6,2,0
0x8C05AB06,sub_8C05AB06,44,44,0,5,4,1,0
0x8C05AB5E,sub_8C05AB5E,142,142,0,40,25,13,0
0x8C05AC3A,sub_8C05AC3A,480,480,0,66,61,15,0
0x8C05B0DC,sub_8C05B0DC,197,197,0,20,8,4,0
0x8C05B3D4,sub_8C05B3D4,11,11,0,4,0,0,0
0x8C05B3EA,sub_8C05B3EA,9,9,0,2,3,1,0
0x8C05B3FC,sub_8C05B3FC,10,10,0,1,2,1,0
0x8C05B410,sub_8C05B410,9,9,0,2,4,2,0
0x8C05B422,sub_8C05B422,41,41,0,8,2,2,0
0x8C05B474,sub_8C05B474,117,117,0,4,5,3,0
0x8C05B55E,sub_8C05B55E,7,7,0,1,0,0,0
0x8C05B56C,sub_8C05B56C,13,13,0,2,1,2,0
0x8C05B586,sub_8C05B586,8,8,0,2,1,2,0
0x8C05B596,sub_8C05B596,103,103,0,14,13,10,0
0x8C05B724,sub_8C05B724,26,26,0,4,1,0,0
0x8C05B77E,sub_8C05B77E,22,22,0,1,0,0,0
0x8C05B7AA,sub_8C05B7AA,162,162,0,29,17,22,0
0x8C05BDDE,sub_8C05BDDE,63,63,0,9,13,8,0
0x8C05BE5C,sub_8C05BE5C,23,23,0,5,4,4,0
0x8C05BE8A,sub_8C05BE8A,16,16,0,1,2,0,0
0x8C05BEAA,sub_8C05BEAA,16,16,0,1,2,0,0
0x8C05BECA,sub_8C05BECA,23,23,0,5,4,4,0
0x8C05BEF8,sub_8C05BEF8,3,3,0,1,1,0,0
0x8C05BEFE,sub_8C05BEFE,3,3,0,1,1,0,0
0x8C05BF60,sub_8C05BF60,15,15,0,1,4,0,0
0x8C05C00C,sub_8C05C00C,58,58,0,5,2,4,0
0x8C05C080,sub_8C05C080,2,2,0,1,0,0,0
0x8C05C084,sub_8C05C084,27,27,0,6,1,2,0
0x8C05C0E6,sub_8C05C0E6,2,2,0,1,0,0,0
0x8C05C0EA,sub_8C05C0EA,2,2,0,1,0,0,0
0x8C05C0EE,sub_8C05C0EE,2,2,0,1,0,0,0
0x8C05C0F2,sub_8C05C0F2,2,2,0,1,0,0,0
0x8C05C0F6,sub_8C05C0F6,16,16,0,4,1,1,0
0x8C05C17A,sub_8C05C17A,15,15,0,4,0,0,0
0x8C05C198,sub_8C05C198,17,17,0,4,0,0,0
0x8C05C1DC,sub_8C05C1DC,51,51,0,10,0,2,0
0x8C05CCCE,sub_8C05CCCE,60,60,0,12,15,5,0
0x8C05CD80,sub_8C05CD80,75,75,0,16,7,3,0
0x8C05CE16,sub_8C05CE16,61,61,0,15,8,1,0
0x8C05CEAE,sub_8C05CEAE,83,83,0,15,19,14,0
0x8C05D0D8,sub_8C05D0D8,20,20,0,4,2,0,0
0x8C05D118,sub_8C05D118,31,31,0,4,2,1,0
0x8C05D156,sub_8C05D156,47,47,0,8,1,2,0
0x8C05D1B4,sub_8C05D1B4,4,4,0,1,2,0,0
0x8C05D1BC,sub_8C05D1BC,7,7,0,1,1,1,0
0x8C05D1CA,sub_8C05D1CA,21,21,0,5,1,2,0
0x8C05D1F4,sub_8C05D1F4,48,48,0,11,10,8,0
0x8C05D254,sub_8C05D254,93,93,0,12,7,9,0
0x8C05D374,sub_8C05D374,520,520,0,130,60,95,0
0x8C05D858,sub_8C05D858,39,39,0,5,2,2,0
0x8C05D8A6,sub_8C05D8A6,22,22,0,5,4,5,0
0x8C05D928,sub_8C05D928,490,490,0,118,65,88,0
0x8C05DE0C,sub_8C05DE0C,579,579,0,137,92,106,0
0x8C05E33E,sub_8C05E33E,424,424,0,115,46,99,0
0x8C05E784,sub_8C05E784,107,107,0,14,18,13,0
0x8C05E88C,sub_8C05E88C,541,541,0,128,84,95,0
0x8C05EDBE,sub_8C05EDBE,7,7,0,1,1,1,0
0x8C05EDCC,sub_8C05EDCC,24,24,0,5,8,5,0
0x8C05EDFC,sub_8C05EDFC,48,48,0,11,9,7,0
0x8C05EE5C,sub_8C05EE5C,35,35,0,6,10,6,0
0x8C05EF16,sub_8C05EF16,91,91,0,20,13,20,0
0x8C05EF18,sub_8C05EF18,90,90,0,20,13,20,0
0x8C05EFCC,sub_8C05EFCC,109,109,0,22,22,11,0
0x8C05F12C,sub_8C05F12C,69,69,0,11,14,8,0
0x8C05F1B6,sub_8C05F1B6,149,149,0,22,8,5,0
0x8C05F314,sub_8C05F314,53,53,0,4,4,4,0
0x8C05F37E,sub_8C05F37E,64,64,0,8,4,4,0
0x8C05F3FE,sub_8C05F3FE,24,24,0,3,0,2,0
0x8C05F42E,sub_8C05F42E,3,3,0,1,1,0,0
0x8C05F434,sub_8C05F434,3,3,0,1,1,0,0
0x8C05F43A,sub_8C05F43A,9,9,0,2,2,1,0
0x8C05F44C,sub_8C05F44C,18,18,0,2,1,1,0
0x8C05F470,sub_8C05F470,44,44,0,5,5,0,0
0x8C05F4C8,sub_8C05F4C8,235,235,0,45,14,11,0
0x8C05F6D4,sub_8C05F6D4,18,18,0,7,0,0,0
0x8C05F6F8,sub_8C05F6F8,3,3,0,1,0,0,0
0x8C05F6FE,sub_8C05F6FE,22,22,0,1,2,0,0
0x8C05F72A,sub_8C05F72A,6,6,0,1,0,0,0
0x8C05F786,sub_8C05F786,87,87,0,14,8,2,0
0x8C05F788,sub_8C05F788,86,86,0,14,8,2,0
0x8C05F834,sub_8C05F834,15,15,0,4,0,1,0
0x8C05F98C,sub_8C05F98C,18,18,0,4,8,4,0
0x8C05F9B0,sub_8C05F9B0,89,89,0,13,10,13,0
0x8C05FAB8,sub_8C05FAB8,145,145,0,27,31,23,0
0x8C05FC5C,sub_8C05FC5C,75,75,0,7,10,6,0
0x8C05FCF2,sub_8C05FCF2,28,28,0,5,2,0,0
0x8C05FD2A,sub_8C05FD2A,28,28,0,5,2,0,0
0x8C05FDAC,sub_8C05FDAC,22,22,0,4,10,3,0
0x8C05FDFC,sub_8C05FDFC,143,143,0,22,24,14,0
0x8C05FF5C,sub_8C05FF5C,85,85,0,14,14,9,0
0x8C060006,sub_8C060006,14,14,0,4,2,1,0
0x8C060022,sub_8C060022,4,4,0,1,1,0,0
0x8C06002A,sub_8C06002A,77,77,0,20,11,3,0
0x8C060104,sub_8C060104,54,54,0,11,20,10,0
0x8C06017E,sub_8C06017E,29,29,0,7,2,0,0
0x8C060210,sub_8C060210,53,53,0,13,8,0,0
0x8C06027A,sub_8C06027A,15,15,0,3,2,0,0
0x8C060298,sub_8C060298,39,39,0,7,2,0,0
0x8C0602F8,sub_8C0602F8,9,9,0,3,2,0,0
0x8C06030A,sub_8C06030A,16,16,0,4,3,0,0
0x8C06032A,sub_8C06032A,21,21,0,4,3,0,0
0x8C060354,sub_8C060354,16,16,0,3,3,0,0
0x8C060382,sub_8C060382,68,68,0,16,13,8,0
0x8C060384,sub_8C060384,67,67,0,16,13,8,0
0x8C06040A,sub_8C06040A,70,70,0,16,5,6,0
0x8C0604D0,sub_8C0604D0,57,57,0,10,13,5,0
0x8C060542,sub_8C060542,17,17,0,3,4,0,0
0x8C0605E2,sub_8C0605E2,8,8,0,2,2,1,0
0x8C0605F2,sub_8C0605F2,33,33,0,7,6,2,0
0x8C060654,sub_8C060654,83,83,0,13,18,4,0
0x8C060728,sub_8C060728,69,69,0,12,17,5,0
0x8C0607B2,sub_8C0607B2,57,57,0,10,13,6,0
0x8C060868,sub_8C060868,19,19,0,4,3,1,0
0x8C06088E,sub_8C06088E,61,61,0,14,9,4,0
0x8C060908,sub_8C060908,47,47,0,7,3,1,0
0x8C060990,sub_8C060990,94,94,0,15,15,2,0
0x8C060A4C,sub_8C060A4C,20,20,0,4,4,0,0
0x8C060A74,sub_8C060A74,12,12,0,3,2,0,0
0x8C060AB8,sub_8C060AB8,115,115,0,19,8,3,0
0x8C060BCC,sub_8C060BCC,125,125,0,20,14,3,0
0x8C060D00,sub_8C060D00,67,67,0,8,11,4,0
0x8C060D86,sub_8C060D86,100,100,0,17,8,2,0
0x8C060E82,sub_8C060E82,92,92,0,17,12,2,0
0x8C060F3A,sub_8C060F3A,10,10,0,3,1,0,0
0x8C060F4E,sub_8C060F4E,42,42,0,7,12,4,0
0x8C060FA2,sub_8C060FA2,19,19,0,4,3,2,0
0x8C061004,sub_8C061004,43,43,0,7,13,2,0
0x8C06105A,sub_8C06105A,35,35,0,6,6,1,0
0x8C0610A0,sub_8C0610A0,10,10,0,3,1,0,0
0x8C0610B4,sub_8C0610B4,19,19,0,4,3,2,0
0x8C061110,sub_8C061110,30,30,0,4,9,3,0
0x8C06114C,sub_8C06114C,12,12,0,3,2,0,0
0x8C061164,sub_8C061164,19,19,0,4,3,2,0
0x8C06118A,sub_8C06118A,43,43,0,6,10,2,0
0x8C0611E0,sub_8C0611E0,11,11,0,3,2,1,0
0x8C061232,sub_8C061232,106,106,0,16,18,4,0
0x8C061234,sub_8C061234,105,105,0,16,18,4,0
0x8C061306,sub_8C061306,23,23,0,2,6,1,0
0x8C06136C,sub_8C06136C,51,51,0,6,11,1,0
0x8C0613D2,sub_8C0613D2,85,85,0,10,19,2,0
0x8C0614AC,sub_8C0614AC,53,53,0,6,11,1,0
0x8C061516,sub_8C061516,93,93,0,12,20,3,0
0x8C061608,sub_8C061608,41,41,0,10,9,4,0
0x8C06165A,sub_8C06165A,22,22,0,2,6,1,0
0x8C061686,sub_8C061686,33,33,0,10,2,1,0
0x8C06170A,sub_8C06170A,2,2,0,1,0,0,0
0x8C06170E,sub_8C06170E,105,105,0,15,16,3,0
0x8C06180C,sub_8C06180C,23,23,0,2,6,1,0
0x8C06183A,sub_8C06183A,53,53,0,6,11,1,0
0x8C0618A4,sub_8C0618A4,85,85,0,10,19,2,0
0x8C061980,sub_8C061980,51,51,0,6,11,1,0
0x8C061A10,sub_8C061A10,67,67,0,7,13,2,0
0x8C061A96,sub_8C061A96,46,46,0,10,9,4,0
0x8C061AF2,sub_8C061AF2,22,22,0,2,6,1,0
0x8C061B68,sub_8C061B68,33,33,0,10,2,1,0
0x8C061BAA,sub_8C061BAA,2,2,0,1,0,0,0
0x8C061BAE,sub_8C061BAE,9,9,0,3,1,0,0
0x8C061BCC,sub_8C061BCC,280,280,0,60,32,24,0
0x8C061E50,sub_8C061E50,15,15,0,4,1,1,0
0x8C061E7C,sub_8C061E7C,44,44,0,10,2,1,0
0x8C061EFA,sub_8C061EFA,45,45,0,9,2,3,0
0x8C061EFC,sub_8C061EFC,44,44,0,9,2,3,0
0x8C061F54,sub_8C061F54,21,21,0,4,2,1,0
0x8C061F7E,sub_8C061F7E,30,30,0,4,1,2,0
0x8C061FBA,sub_8C061FBA,37,37,0,4,2,1,0
0x8C062004,sub_8C062004,9,9,0,1,1,1,0
0x8C062030,sub_8C062030,62,62,0,13,6,1,0
0x8C0620AC,sub_8C0620AC,107,107,0,25,6,2,0
0x8C06219E,sub_8C06219E,33,33,0,6,3,2,0
0x8C0621E0,sub_8C0621E0,10,10,0,3,0,0,0
0x8C06221C,sub_8C06221C,30,30,0,6,1,0,0
0x8C062258,sub_8C062258,12,12,0,4,1,0,0
0x8C062270,sub_8C062270,26,26,0,7,3,1,0
0x8C0622A4,sub_8C0622A4,40,40,0,6,4,3,0
0x8C0622F4,sub_8C0622F4,3,3,0,1,1,1,0
0x8C0622FA,sub_8C0622FA,80,80,0,18,6,8,0
0x8C0623B8,sub_8C0623B8,76,76,0,15,2,0,0
0x8C062466,sub_8C062466,119,119,0,11,14,5,0
0x8C062554,sub_8C062554,655,655,0,138,105,22,0
0x8C062BC6,sub_8C062BC6,10,10,0,1,0,0,0
0x8C062BDA,sub_8C062BDA,933,933,0,158,124,49,0
0x8C063458,sub_8C063458,237,237,0,50,28,11,0
0x8C06356C,sub_8C06356C,120,120,0,25,21,10,0
0x8C063680,sub_8C063680,77,77,0,13,7,2,0
0x8C0636B4,sub_8C0636B4,51,51,0,6,6,2,0
0x8C06374E,sub_8C06374E,106,106,0,22,9,0,0
0x8C06383E,sub_8C06383E,84,84,0,15,9,6,0
0x8C0638E6,sub_8C0638E6,135,135,0,23,14,9,0
0x8C063A2A,sub_8C063A2A,1298,1298,0,183,188,48,0
0x8C064656,sub_8C064656,69,69,0,10,5,2,0
0x8C0646E0,sub_8C0646E0,38,38,0,6,3,2,0
0x8C06475E,sub_8C06475E,2,2,0,1,0,0,0
0x8C064762,sub_8C064762,2,2,0,1,0,0,0
0x8C064766,sub_8C064766,112,112,0,21,24,11,0
0x8C06488C,sub_8C06488C,85,85,0,16,13,5,0
0x8C064936,sub_8C064936,17,17,0,3,3,3,0
0x8C064958,sub_8C064958,203,203,0,39,24,12,0
0x8C0649B2,sub_8C0649B2,322,322,0,64,44,22,0
0x8C0649B4,sub_8C0649B4,321,321,0,64,44,22,0
0x8C064B10,sub_8C064B10,27,27,0,6,3,3,0
0x8C064B46,sub_8C064B46,235,235,0,38,34,19,0
0x8C064DA4,sub_8C064DA4,25,25,0,5,4,2,0
0x8C064DD6,sub_8C064DD6,138,138,0,20,15,10,0
0x8C064F20,sub_8C064F20,223,223,0,41,29,12,0
0x8C064F6E,sub_8C064F6E,18,18,0,3,3,3,0
0x8C064F92,sub_8C064F92,83,83,0,16,13,5,0
0x8C065080,sub_8C065080,92,92,0,16,13,7,0
0x8C065170,sub_8C065170,184,184,0,35,21,9,0
0x8C06531C,sub_8C06531C,21,21,0,4,2,1,0
0x8C065346,sub_8C065346,16,16,0,2,2,1,0
0x8C065366,sub_8C065366,105,105,0,21,12,6,0
0x8C065478,sub_8C065478,163,163,0,31,28,21,0
0x8C065604,sub_8C065604,5,5,0,1,1,1,0
0x8C06560E,sub_8C06560E,79,79,0,13,11,8,0
0x8C0656AC,sub_8C0656AC,5,5,0,1,1,1,0
0x8C0656B6,sub_8C0656B6,5,5,0,1,2,1,0
0x8C065702,sub_8C065702,25,25,0,4,3,2,0
0x8C065704,sub_8C065704,24,24,0,4,3,2,0
0x8C065734,sub_8C065734,66,66,0,9,13,2,0
0x8C0657B8,sub_8C0657B8,82,82,0,18,9,4,0
0x8C065894,sub_8C065894,31,31,0,5,6,2,0
0x8C0658D2,sub_8C0658D2,31,31,0,3,5,0,0
0x8C065910,sub_8C065910,2,2,0,1,0,0,0
0x8C065914,sub_8C065914,24,24,0,4,3,2,0
0x8C065972,sub_8C065972,24,24,0,3,4,2,0
0x8C065974,sub_8C065974,23,23,0,3,4,2,0
0x8C0659A2,sub_8C0659A2,94,94,0,26,9,0,0
0x8C065A74,sub_8C065A74,78,78,0,23,15,1,0
0x8C065B34,sub_8C065B34,55,55,0,8,8,6,0
0x8C065BA2,sub_8C065BA2,132,132,0,27,20,9,0
0x8C065CF0,sub_8C065CF0,53,53,0,10,7,3,0
0x8C065D5A,sub_8C065D5A,37,37,0,4,4,0,0
0x8C065DAC,sub_8C065DAC,107,107,0,15,23,6,0
0x8C065E82,sub_8C065E82,66,66,0,15,8,4,0
0x8C065F46,sub_8C065F46,31,31,0,5,6,2,0
0x8C065F84,sub_8C065F84,42,42,0,4,5,0,0
0x8C065FB8,sub_8C065FB8,23,23,0,2,4,1,0
0x8C065FE6,sub_8C065FE6,10,10,0,3,1,0,0
0x8C066028,sub_8C066028,21,21,0,2,4,1,0
0x8C066052,sub_8C066052,11,11,0,3,0,0,0
0x8C066068,sub_8C066068,138,138,0,23,26,10,0
0x8C0661AA,sub_8C0661AA,26,26,0,4,4,1,0
0x8C0661DE,sub_8C0661DE,37,37,0,4,4,0,0
0x8C066208,sub_8C066208,31,31,0,4,4,0,0
0x8C066226,sub_8C066226,16,16,0,1,3,0,0
0x8C066246,sub_8C066246,21,21,0,4,2,1,0
0x8C0662A8,sub_8C0662A8,62,62,0,12,13,6,0
0x8C06634C,sub_8C06634C,336,336,0,90,70,30,0
0x8C0666C0,sub_8C0666C0,101,101,0,23,16,13,0
0x8C0667CC,sub_8C0667CC,51,51,0,6,7,5,0
0x8C066832,sub_8C066832,63,63,0,14,15,10,0
0x8C066836,sub_8C066836,16,16,0,4,0,1,0
0x8C06689A,sub_8C06689A,22,22,0,2,3,1,0
0x8C06689C,sub_8C06689C,21,21,0,2,3,1,0
0x8C0668C6,sub_8C0668C6,243,243,0,43,43,12,0
0x8C066B3A,sub_8C066B3A,94,94,0,15,11,9,0
0x8C066C3C,sub_8C066C3C,36,36,0,8,4,4,0
0x8C066C84,sub_8C066C84,27,27,0,7,5,1,0
0x8C066CBA,sub_8C066CBA,6,6,0,1,3,1,0
0x8C066CC6,sub_8C066CC6,33,33,0,6,5,5,0
0x8C066D08,sub_8C066D08,21,21,0,4,2,1,0
0x8C066D32,sub_8C066D32,134,134,0,27,27,17,0
0x8C066DD4,sub_8C066DD4,229,229,0,52,38,23,0
0x8C066F1E,sub_8C066F1E,196,196,0,42,34,21,0
0x8C067020,sub_8C067020,100,100,0,23,21,15,0
0x8C06703C,sub_8C06703C,100,100,0,23,21,15,0
0x8C067058,sub_8C067058,117,117,0,26,22,15,0
0x8C067096,sub_8C067096,2,2,0,1,0,0,0
0x8C0670AC,sub_8C0670AC,90,90,0,16,11,4,0
0x8C067160,sub_8C067160,79,79,0,12,9,4,0
0x8C067220,sub_8C067220,128,128,0,18,24,7,0
0x8C06734E,sub_8C06734E,2,2,0,1,0,0,0
0x8C067352,sub_8C067352,18,18,0,4,2,1,0
0x8C067376,sub_8C067376,14,14,0,3,1,2,0
0x8C067392,sub_8C067392,34,34,0,7,3,2,0
0x8C0673D6,sub_8C0673D6,2,2,0,1,0,0,0
0x8C0673DA,sub_8C0673DA,57,57,0,4,7,3,0
0x8C067494,sub_8C067494,61,61,0,13,15,10,0
0x8C06753C,sub_8C06753C,173,173,0,33,29,23,0
0x8C067718,sub_8C067718,86,86,0,20,21,14,0
0x8C0677C4,sub_8C0677C4,32,32,0,3,7,2,0
0x8C067804,sub_8C067804,39,39,0,3,2,2,0
0x8C067896,sub_8C067896,267,267,0,41,50,22,0
0x8C067898,sub_8C067898,266,266,0,41,50,22,0
0x8C067B14,sub_8C067B14,114,114,0,18,23,7,0
0x8C067C2C,sub_8C067C2C,294,294,0,48,45,31,0
0x8C067EEE,sub_8C067EEE,57,57,0,9,4,2,0
0x8C067F60,sub_8C067F60,182,182,0,40,32,20,0
0x8C068166,sub_8C068166,70,70,0,12,6,3,0
0x8C06823E,sub_8C06823E,99,99,0,17,15,13,0
0x8C068304,sub_8C068304,38,38,0,4,6,3,0
0x8C0683B0,sub_8C0683B0,373,373,0,59,44,37,0
0x8C068728,sub_8C068728,54,54,0,3,4,3,0
0x8C068794,sub_8C068794,458,458,0,62,29,29,0
0x8C068BBE,sub_8C068BBE,21,21,0,4,2,2,0
0x8C068BE8,sub_8C068BE8,22,22,0,4,2,1,0
0x8C068C14,sub_8C068C14,47,47,0,9,0,1,0
0x8C068C94,sub_8C068C94,135,135,0,17,19,9,0
0x8C068DDC,sub_8C068DDC,40,40,0,6,3,3,0
0x8C068E2C,sub_8C068E2C,5,5,0,1,0,0,0
0x8C068E36,sub_8C068E36,56,56,0,10,6,3,0
0x8C068EA6,sub_8C068EA6,22,22,0,6,1,0,0
0x8C068ED2,sub_8C068ED2,73,73,0,15,3,2,0
0x8C068F8A,sub_8C068F8A,67,67,0,9,12,6,0
0x8C069040,sub_8C069040,88,88,0,14,11,8,0
0x8C0690F0,sub_8C0690F0,29,29,0,3,7,2,0
0x8C069156,sub_8C069156,84,84,0,8,19,7,0
0x8C069158,sub_8C069158,83,83,0,8,19,7,0
0x8C069230,sub_8C069230,121,121,0,24,34,15,0
0x8C069322,sub_8C069322,5,5,0,1,1,0,0
0x8C069388,sub_8C069388,78,78,0,7,18,3,0
0x8C069450,sub_8C069450,141,141,0,13,34,8,0
0x8C0695B8,sub_8C0695B8,73,73,0,9,17,3,0
0x8C06964A,sub_8C06964A,24,24,0,4,6,2,0
0x8C06967A,sub_8C06967A,2,2,0,1,0,0,0
0x8C0696A0,sub_8C0696A0,22,22,0,2,2,1,0
0x8C069700,sub_8C069700,72,72,0,7,7,3,0
0x8C069790,sub_8C069790,68,68,0,15,12,10,0
0x8C069864,sub_8C069864,22,22,0,5,3,2,0
0x8C069890,sub_8C069890,5,5,0,1,1,0,0
0x8C06989A,sub_8C06989A,9,9,0,3,1,0,0
0x8C0698AC,sub_8C0698AC,55,55,0,12,7,2,0
0x8C069AFC,sub_8C069AFC,10,10,0,3,0,0,0
0x8C069B10,sub_8C069B10,172,172,0,32,22,16,0
0x8C069B84,sub_8C069B84,25,25,0,6,1,0,0
0x8C069BEC,sub_8C069BEC,70,70,0,14,8,1,0
0x8C069C78,sub_8C069C78,35,35,0,8,1,0,0
0x8C069CD6,sub_8C069CD6,43,43,0,10,3,2,0
0x8C069CD8,sub_8C069CD8,42,42,0,10,3,2,0
0x8C069E54,sub_8C069E54,7,7,0,1,2,1,0
0x8C069E78,sub_8C069E78,61,61,0,9,11,5,0
0x8C069EF2,sub_8C069EF2,63,63,0,11,15,6,0
0x8C069F70,sub_8C069F70,39,39,0,4,9,4,0
0x8C069FBE,sub_8C069FBE,39,39,0,4,9,4,0
0x8C06A00C,sub_8C06A00C,39,39,0,4,9,4,0
0x8C06A0C0,sub_8C06A0C0,71,71,0,12,15,4,0
0x8C06A14E,sub_8C06A14E,33,33,0,5,8,3,0
0x8C06A1D0,sub_8C06A1D0,57,57,0,11,12,6,0
0x8C06A242,sub_8C06A242,47,47,0,7,10,5,0
0x8C06A2A0,sub_8C06A2A0,47,47,0,7,10,5,0
0x8C06A2FE,sub_8C06A2FE,180,180,0,33,27,14,0
0x8C06A4E0,sub_8C06A4E0,160,160,0,26,26,14,0
0x8C06A620,sub_8C06A620,98,98,0,10,17,8,0
0x8C06A754,sub_8C06A754,102,102,0,10,17,8,0
0x8C06A820,sub_8C06A820,24,24,0,4,2,1,0
0x8C06AA94,sub_8C06AA94,40,40,0,4,9,4,0
0x8C06AAE4,sub_8C06AAE4,155,155,0,19,28,13,0
0x8C06AC1A,sub_8C06AC1A,26,26,0,4,3,1,0
0x8C06AC4E,sub_8C06AC4E,246,246,0,36,43,25,0
0x8C06ACE0,sub_8C06ACE0,65,65,0,8,17,8,0
0x8C06AEBA,sub_8C06AEBA,174,174,0,25,26,17,0
0x8C06B0A4,sub_8C06B0A4,271,271,0,37,56,30,0
0x8C06B370,sub_8C06B370,27,27,0,4,2,1,0
0x8C06B3A6,sub_8C06B3A6,25,25,0,5,1,1,0
0x8C06B3D8,sub_8C06B3D8,86,86,0,24,4,3,0
0x8C06B484,sub_8C06B484,16,16,0,3,4,0,0
0x8C06B4C6,sub_8C06B4C6,117,117,0,19,22,12,0
0x8C06B4C8,sub_8C06B4C8,116,116,0,19,22,12,0
0x8C06B5B0,sub_8C06B5B0,18,18,0,4,5,1,0
0x8C06B63E,sub_8C06B63E,30,30,0,6,5,2,0
0x8C06B640,sub_8C06B640,29,29,0,6,5,2,0
0x8C06B67A,sub_8C06B67A,6,6,0,1,2,1,0
0x8C06B686,sub_8C06B686,33,33,0,8,5,5,0
0x8C06B6C8,sub_8C06B6C8,24,24,0,2,2,1,0
0x8C06B6F8,sub_8C06B6F8,202,202,0,29,27,20,0
0x8C06B930,sub_8C06B930,315,315,0,59,43,36,0
0x8C06BC68,sub_8C06BC68,18,18,0,4,5,1,0
0x8C06BD3C,sub_8C06BD3C,21,21,0,3,4,2,0
0x8C06BDA4,sub_8C06BDA4,339,339,0,62,35,35,0
0x8C06C0AA,sub_8C06C0AA,296,296,0,55,28,27,0
0x8C06C33A,sub_8C06C33A,17,17,0,4,4,1,0
0x8C06CB24,sub_8C06CB24,79,79,0,19,10,8,0
0x8C06CC10,sub_8C06CC10,102,102,0,22,18,8,0
0x8C06CCDC,sub_8C06CCDC,18,18,0,4,5,1,0
0x8C06CD00,sub_8C06CD00,3,3,0,1,1,0,0
0x8C06CD60,sub_8C06CD60,23,23,0,6,6,1,0
0x8C06CDA4,sub_8C06CDA4,51,51,0,13,9,2,0
0x8C06CE0A,sub_8C06CE0A,31,31,0,5,8,1,0
0x8C06CE48,sub_8C06CE48,21,21,0,4,6,1,0
0x8C06CE72,sub_8C06CE72,15,15,0,4,2,1,0
0x8C06CE90,sub_8C06CE90,15,15,0,4,2,1,0
0x8C06CEAE,sub_8C06CEAE,12,12,0,3,2,0,0
0x8C06CEF0,sub_8C06CEF0,225,225,0,35,29,20,0
0x8C06D104,sub_8C06D104,14,14,0,3,2,0,0
0x8C06D154,sub_8C06D154,41,41,0,10,11,7,0
0x8C06D1A6,sub_8C06D1A6,15,15,0,4,2,1,0
0x8C06D1C4,sub_8C06D1C4,177,177,0,29,32,18,0
0x8C06D37E,sub_8C06D37E,16,16,0,3,4,0,0
0x8C06D3F4,sub_8C06D3F4,240,240,0,42,42,32,0
0x8C06D62A,sub_8C06D62A,40,40,0,10,10,7,0
0x8C06D67A,sub_8C06D67A,15,15,0,4,2,1,0
0x8C06D6E0,sub_8C06D6E0,176,176,0,27,27,18,0
0x8C06D888,sub_8C06D888,47,47,0,13,5,1,0
0x8C06D8E6,sub_8C06D8E6,161,161,0,26,21,11,0
0x8C06DA42,sub_8C06DA42,46,46,0,12,5,1,0
0x8C06DADE,sub_8C06DADE,40,40,0,10,10,7,0
0x8C06DB2E,sub_8C06DB2E,15,15,0,4,2,1,0
0x8C06DB4C,sub_8C06DB4C,80,80,0,24,7,0,0
0x8C06DC22,sub_8C06DC22,22,22,0,4,4,1,0
0x8C06DC4E,sub_8C06DC4E,173,173,0,28,34,18,0
0x8C06DE14,sub_8C06DE14,20,20,0,5,3,1,0
0x8C06DE3C,sub_8C06DE3C,40,40,0,10,10,7,0
0x8C06DE8C,sub_8C06DE8C,22,22,0,4,4,1,0
0x8C06DEB8,sub_8C06DEB8,120,120,0,19,27,12,0
0x8C06DFF0,sub_8C06DFF0,20,20,0,5,3,1,0
0x8C06E060,sub_8C06E060,40,40,0,10,10,7,0
0x8C06E0B0,sub_8C06E0B0,22,22,0,4,4,1,0
0x8C06E0DC,sub_8C06E0DC,120,120,0,19,27,12,0
0x8C06E214,sub_8C06E214,20,20,0,5,3,1,0
0x8C06E284,sub_8C06E284,40,40,0,10,10,7,0
0x8C06E2D4,sub_8C06E2D4,22,22,0,4,4,1,0
0x8C06E460,sub_8C06E460,15,15,0,4,2,1,0
0x8C06E47E,sub_8C06E47E,15,15,0,4,2,1,0
0x8C06E49C,sub_8C06E49C,110,110,0,17,17,12,0
0x8C06E5D2,sub_8C06E5D2,16,16,0,4,2,1,0
0x8C06E5F2,sub_8C06E5F2,26,26,0,4,13,3,0
0x8C06E626,sub_8C06E626,31,31,0,5,10,4,0
0x8C06E700,sub_8C06E700,14,14,0,1,0,0,0
0x8C06E7A0,sub_8C06E7A0,51,51,0,10,0,0,0
0x8C06E810,sub_8C06E810,57,57,0,10,6,3,0
0x8C06E890,sub_8C06E890,72,72,0,10,5,1,0
0x8C06E990,sub_8C06E990,3,3,0,1,1,0,0
0x8C06E9A0,sub_8C06E9A0,42,42,0,9,4,1,0
0x8C06EA00,sub_8C06EA00,11,11,0,1,0,0,0
0x8C06EAB0,sub_8C06EAB0,12,12,0,2,1,1,0
0x8C06EAF0,sub_8C06EAF0,50,50,0,10,2,0,0
0x8C06EB70,sub_8C06EB70,18,18,0,3,1,0,0
0x8C06EC30,sub_8C06EC30,39,39,0,17,4,0,0
0x8C06ECD0,sub_8C06ECD0,19,19,0,1,1,0,0
0x8C06ED00,sub_8C06ED00,22,22,0,3,4,0,0
0x8C06ED30,sub_8C06ED30,57,57,0,3,1,2,0
0x8C06EDC0,sub_8C06EDC0,19,19,0,3,2,0,0
0x8C06EE70,sub_8C06EE70,20,20,0,3,6,2,0
0x8C06EEA0,sub_8C06EEA0,14,14,0,1,2,0,0
0x8C06EEF0,sub_8C06EEF0,29,29,0,6,2,0,0
0x8C06EF40,sub_8C06EF40,51,51,0,7,3,0,0
0x8C06F010,sub_8C06F010,82,82,0,19,1,0,0
0x8C06F0D0,sub_8C06F0D0,37,37,0,5,2,0,0
0x8C06F140,sub_8C06F140,12,12,0,3,3,1,0
0x8C06F170,sub_8C06F170,11,11,0,1,3,1,0
0x8C06F190,sub_8C06F190,3,3,0,1,1,0,0
0x8C06F1D0,sub_8C06F1D0,3,3,0,1,1,0,0
0x8C06F1E0,sub_8C06F1E0,4,4,0,1,1,0,0
0x8C06F1F0,sub_8C06F1F0,27,27,0,7,6,0,0
0x8C06F240,sub_8C06F240,12,12,0,2,4,2,0
0x8C06F3E0,sub_8C06F3E0,77,77,0,2,3,2,0
0x8C06F4B0,sub_8C06F4B0,76,76,0,2,3,2,0
0x8C06F550,sub_8C06F550,4,4,0,1,1,1,0
0x8C06F560,sub_8C06F560,54,54,0,8,13,5,0
0x8C06F60E,sub_8C06F60E,217,217,0,33,40,12,0
0x8C06F610,sub_8C06F610,216,216,0,33,40,12,0
0x8C06F840,sub_8C06F840,2,2,0,1,0,0,0
0x8C06F860,sub_8C06F860,11,11,0,2,1,1,0
0x8C06F880,sub_8C06F880,11,11,0,2,1,1,0
0x8C06F8A0,sub_8C06F8A0,3,3,0,1,1,1,0
0x8C06F920,sub_8C06F920,13,13,0,2,2,1,0
0x8C06F940,sub_8C06F940,12,12,0,3,2,0,0
0x8C06F960,sub_8C06F960,13,13,0,3,2,0,0
0x8C06FB60,sub_8C06FB60,49,49,0,1,10,0,0
0x8C06FBD0,sub_8C06FBD0,3,3,0,1,1,0,0
0x8C06FBE0,sub_8C06FBE0,21,21,0,4,4,1,0
0x8C06FCA0,sub_8C06FCA0,31,31,0,11,3,1,0
0x8C06FD70,sub_8C06FD70,17,17,0,4,4,1,0
0x8C06FDD0,sub_8C06FDD0,174,174,0,25,11,2,0
0x8C06FF50,sub_8C06FF50,15,15,0,5,1,2,0
0x8C06FFE0,sub_8C06FFE0,34,34,0,1,8,0,0
0x8C070080,sub_8C070080,4,4,0,1,2,1,0
0x8C0702B0,sub_8C0702B0,3,3,0,1,1,0,0
0x8C0702C0,sub_8C0702C0,8,8,0,1,1,0,0
0x8C0702D0,sub_8C0702D0,3,3,0,1,0,0,0
0x8C0702F0,sub_8C0702F0,10,10,0,3,1,2,0
0x8C070390,sub_8C070390,35,35,0,13,5,1,0
0x8C070420,sub_8C070420,2,2,0,1,0,0,0
0x8C070430,sub_8C070430,9,9,0,4,3,1,0
0x8C0704B0,sub_8C0704B0,4,4,0,1,2,1,0
0x8C0704C0,sub_8C0704C0,76,76,0,5,5,1,0
0x8C0705BE,sub_8C0705BE,142,142,0,26,20,8,0
0x8C0705C0,sub_8C0705C0,141,141,0,26,20,8,0
0x8C070730,sub_8C070730,26,26,0,6,3,1,0
0x8C070810,sub_8C070810,99,99,0,20,6,0,0
0x8C070890,sub_8C070890,62,62,0,11,3,0,0
0x8C070930,sub_8C070930,66,66,0,20,7,3,0
0x8C0709F0,sub_8C0709F0,9,9,0,2,0,1,0
0x8C070A10,sub_8C070A10,70,70,0,8,3,0,0
0x8C070A60,sub_8C070A60,51,51,0,8,0,1,0
0x8C070B10,sub_8C070B10,108,108,0,14,6,0,0
0x8C070B90,sub_8C070B90,28,28,0,6,0,0,0
0x8C070BE0,sub_8C070BE0,22,22,0,5,0,0,0
0x8C070C40,sub_8C070C40,11,11,0,3,0,0,0
0x8C070D10,sub_8C070D10,53,53,0,10,0,0,0
0x8C070D90,sub_8C070D90,8,8,0,2,0,1,0
0x8C070DB0,sub_8C070DB0,58,58,0,17,0,1,0
0x8C070E60,sub_8C070E60,15,15,0,1,4,0,0
0x8C070E80,sub_8C070E80,11,11,0,2,0,1,0
0x8C070EA0,sub_8C070EA0,3,3,0,1,1,0,0
0x8C070EB0,sub_8C070EB0,27,27,0,6,0,0,0
0x8C070F10,sub_8C070F10,28,28,0,7,0,0,0
0x8C070F90,sub_8C070F90,58,58,0,5,0,0,0
0x8C071090,sub_8C071090,40,40,0,7,0,1,0
0x8C0710F0,sub_8C0710F0,44,44,0,6,0,0,0
0x8C071250,sub_8C071250,62,62,0,9,2,0,0
0x8C0713C0,sub_8C0713C0,68,68,0,6,20,3,0
0x8C071510,sub_8C071510,33,33,0,1,3,0,0
0x8C071560,sub_8C071560,17,17,0,2,4,1,0
0x8C071590,sub_8C071590,173,173,0,4,9,0,0
0x8C071700,sub_8C071700,5,5,0,1,1,0,0
0x8C071720,sub_8C071720,5,5,0,1,2,0,0
0x8C071730,sub_8C071730,112,112,0,18,17,1,0
0x8C071890,sub_8C071890,63,63,0,4,14,0,0
0x8C071920,sub_8C071920,3,3,0,1,1,0,0
0x8C071930,sub_8C071930,25,25,0,6,3,2,0
0x8C0719B0,sub_8C0719B0,20,20,0,4,3,1,0
0x8C0719E0,sub_8C0719E0,29,29,0,2,1,1,0
0x8C071A60,sub_8C071A60,4,4,0,1,1,1,0
0x8C071A70,sub_8C071A70,3,3,0,1,1,1,0
0x8C071A80,sub_8C071A80,33,33,0,4,2,1,0
0x8C071AE0,sub_8C071AE0,23,23,0,6,2,0,0
0x8C071B20,sub_8C071B20,8,8,0,2,0,1,0
0x8C071B40,sub_8C071B40,174,174,0,38,14,3,0
0x8C071E10,sub_8C071E10,92,92,0,10,11,5,0
0x8C071ED0,sub_8C071ED0,74,74,0,8,10,5,0
0x8C072140,sub_8C072140,3,3,0,1,0,0,0
0x8C072148,sub_8C072148,4,4,0,1,0,0,0
0x8C072150,sub_8C072150,5,5,0,1,0,0,0
0x8C07215C,sub_8C07215C,25,25,0,5,4,0,0
0x8C0721F0,sub_8C0721F0,12,12,0,1,0,0,0
0x8C072230,sub_8C072230,12,12,0,1,0,0,0
0x8C072290,sub_8C072290,12,12,0,1,0,0,0
0x8C072310,sub_8C072310,25,25,0,8,2,2,0
0x8C072400,sub_8C072400,26,26,0,3,1,0,0
0x8C072470,sub_8C072470,22,22,0,3,0,0,0
0x8C0724F0,sub_8C0724F0,20,20,0,4,1,0,0
0x8C0725C0,sub_8C0725C0,14,14,0,3,3,2,0
0x8C072600,sub_8C072600,8,8,0,1,0,0,0
0x8C072610,sub_8C072610,29,29,0,7,3,2,0
0x8C072650,sub_8C072650,37,37,0,5,5,4,0
0x8C0726BE,sub_8C0726BE,171,171,0,20,4,4,0
0x8C0726C0,sub_8C0726C0,170,170,0,20,4,4,0
0x8C072910,sub_8C072910,80,80,0,8,6,6,0
0x8C072B60,sub_8C072B60,25,25,0,4,1,0,0
0x8C072BD0,sub_8C072BD0,18,18,0,4,1,0,0
0x8C072C00,sub_8C072C00,178,178,0,29,2,2,0
0x8C072E6E,sub_8C072E6E,38,38,0,4,6,4,0
0x8C072E70,sub_8C072E70,37,37,0,4,6,4,0
0x8C072EC0,sub_8C072EC0,30,30,0,1,0,0,0
0x8C072F20,sub_8C072F20,26,26,0,1,0,0,0
0x8C072F60,sub_8C072F60,26,26,0,1,0,0,0
0x8C072FA0,sub_8C072FA0,32,32,0,1,0,0,0
0x8C072FE0,sub_8C072FE0,5,5,0,1,2,1,0
0x8C072FF0,sub_8C072FF0,4,4,0,1,2,1,0
0x8C073000,sub_8C073000,7,7,0,2,2,1,0
0x8C073010,sub_8C073010,4,4,0,1,2,1,0
0x8C073280,sub_8C073280,32,32,0,7,1,0,0
0x8C0732D0,sub_8C0732D0,64,64,0,6,1,0,0
0x8C073360,sub_8C073360,13,13,0,3,2,2,0
0x8C073390,sub_8C073390,30,30,0,1,0,0,0
0x8C073460,sub_8C073460,27,27,0,3,2,2,0
0x8C0734A0,sub_8C0734A0,22,22,0,1,0,0,0
0x8C0734D0,sub_8C0734D0,20,20,0,1,0,0,0
0x8C073500,sub_8C073500,108,108,0,4,3,3,0
0x8C073520,sub_8C073520,92,92,0,2,1,1,0
0x8C073650,sub_8C073650,20,20,0,1,0,0,0
0x8C073680,sub_8C073680,18,18,0,1,0,0,0
0x8C073710,sub_8C073710,20,20,0,1,0,0,0
0x8C0737D0,sub_8C0737D0,15,15,0,3,3,3,0
0x8C073890,sub_8C073890,56,56,0,9,5,5,0
0x8C073940,sub_8C073940,24,24,0,1,0,0,0
0x8C073970,sub_8C073970,22,22,0,1,0,0,0
0x8C0739A0,sub_8C0739A0,8,8,0,1,0,0,0
0x8C073A00,sub_8C073A00,22,22,0,1,0,0,0
0x8C073A30,sub_8C073A30,8,8,0,1,0,0,0
0x8C073A40,sub_8C073A40,13,13,0,1,1,1,0
0x8C073A60,sub_8C073A60,10,10,0,1,1,1,0
0x8C073A80,sub_8C073A80,18,18,0,1,0,0,0
0x8C073AB0,sub_8C073AB0,14,14,0,1,0,0,0
0x8C073AD0,sub_8C073AD0,16,16,0,1,0,0,0
0x8C073AF0,sub_8C073AF0,16,16,0,1,0,0,0
0x8C073B10,sub_8C073B10,22,22,0,1,0,0,0
0x8C073B40,sub_8C073B40,12,12,0,1,0,0,0
0x8C073B60,sub_8C073B60,16,16,0,1,0,0,0
0x8C073B80,sub_8C073B80,26,26,0,1,0,0,0
0x8C073C00,sub_8C073C00,30,30,0,2,1,1,0
0x8C073C40,sub_8C073C40,14,14,0,1,0,0,0
0x8C073C60,sub_8C073C60,10,10,0,1,0,0,0
0x8C073C80,sub_8C073C80,8,8,0,1,0,0,0
0x8C073C90,sub_8C073C90,16,16,0,1,0,0,0
0x8C073CB0,sub_8C073CB0,16,16,0,1,0,0,0
0x8C073E10,sub_8C073E10,23,23,0,2,0,0,0
0x8C073E60,sub_8C073E60,18,18,0,1,0,0,0
0x8C073E90,sub_8C073E90,14,14,0,1,0,0,0
0x8C074020,sub_8C074020,16,16,0,4,6,4,0
0x8C074040,sub_8C074040,20,20,0,5,8,5,0
0x8C074070,sub_8C074070,16,16,0,4,6,4,0
0x8C0740B0,sub_8C0740B0,268,268,0,28,19,18,0
0x8C074330,sub_8C074330,269,269,0,27,19,17,0
0x8C074960,sub_8C074960,63,63,0,4,8,3,0
0x8C0749E0,sub_8C0749E0,16,16,0,3,4,3,0
0x8C074A00,sub_8C074A00,54,54,0,1,4,0,0
0x8C074AE0,sub_8C074AE0,218,218,0,48,22,3,0
0x8C074D40,sub_8C074D40,59,59,0,5,6,4,0
0x8C074E20,sub_8C074E20,57,57,0,2,2,0,0
0x8C074F20,sub_8C074F20,3,3,0,1,1,0,0
0x8C074F50,sub_8C074F50,28,28,0,1,0,0,0
0x8C074F90,sub_8C074F90,26,26,0,6,8,6,0
0x8C075000,sub_8C075000,282,282,0,52,21,9,0
0x8C0752D0,sub_8C0752D0,27,27,0,4,0,1,0
0x8C075450,sub_8C075450,154,154,0,29,8,3,0
0x8C0755F0,sub_8C0755F0,26,26,0,4,0,1,0
0x8C075700,sub_8C075700,21,21,0,3,2,1,0
0x8C075740,sub_8C075740,186,186,0,23,21,3,0
0x8C075A00,sub_8C075A00,11,11,0,1,0,0,0
0x8C075B00,sub_8C075B00,19,19,0,1,0,0,0
0x8C075B50,sub_8C075B50,38,38,0,1,0,0,0
0x8C075BA0,sub_8C075BA0,16,16,0,6,2,2,0
0x8C075BC0,sub_8C075BC0,3,3,0,1,1,1,0
0x8C075BD0,sub_8C075BD0,9,9,0,3,1,0,0
0x8C075C60,sub_8C075C60,53,53,0,6,15,3,0
0x8C075D30,sub_8C075D30,3,3,0,1,1,1,0
0x8C075D50,sub_8C075D50,4,4,0,1,2,1,0
0x8C075D60,sub_8C075D60,4,4,0,1,2,1,0
0x8C075D70,sub_8C075D70,4,4,0,1,2,1,0
0x8C075E50,sub_8C075E50,147,147,0,30,0,0,0
0x8C075FA0,sub_8C075FA0,67,67,0,10,4,0,0
0x8C076060,sub_8C076060,22,22,0,5,5,4,0
0x8C076090,sub_8C076090,17,17,0,4,3,3,0
0x8C0760C0,sub_8C0760C0,26,26,0,5,5,4,0
0x8C076100,sub_8C076100,22,22,0,4,3,3,0
0x8C076130,sub_8C076130,5,5,0,1,2,0,0
0x8C076190,sub_8C076190,33,33,0,1,3,0,0
0x8C0761A0,sub_8C0761A0,25,25,0,1,3,0,0
0x8C076230,sub_8C076230,15,15,0,2,3,1,0
0x8C076250,sub_8C076250,7,7,0,1,1,0,0
0x8C076260,sub_8C076260,7,7,0,1,1,0,0
0x8C076270,sub_8C076270,13,13,0,1,1,0,0
0x8C076320,sub_8C076320,18,18,0,7,3,0,0
0x8C0765B0,sub_8C0765B0,25,25,0,5,8,5,0
0x8C0765F0,sub_8C0765F0,61,61,0,11,9,10,0
0x8C0766D0,sub_8C0766D0,32,32,0,10,0,5,0
0x8C076740,sub_8C076740,32,32,0,10,0,5,0
0x8C0767C0,sub_8C0767C0,12,12,0,3,5,3,0
0x8C076896,sub_8C076896,79,79,0,8,14,4,0
0x8C0769B8,sub_8C0769B8,19,19,0,4,5,3,0
0x8C0769E4,sub_8C0769E4,30,30,0,8,1,2,0
0x8C076A42,sub_8C076A42,211,211,0,39,25,7,0
0x8C076C30,sub_8C076C30,11,11,0,2,1,1,0
0x8C076C46,sub_8C076C46,11,11,0,2,1,1,0
0x8C076C90,sub_8C076C90,11,11,0,2,1,1,0
0x8C076CAE,sub_8C076CAE,36,36,0,6,3,3,0
0x8C076D08,sub_8C076D08,36,36,0,6,3,3,0
0x8C076DC4,sub_8C076DC4,11,11,0,2,1,1,0
0x8C076E6C,sub_8C076E6C,24,24,0,5,2,2,0
0x8C076EAC,sub_8C076EAC,24,24,0,5,2,2,0
0x8C076EEC,sub_8C076EEC,24,24,0,5,2,2,0
0x8C076F2C,sub_8C076F2C,24,24,0,5,2,2,0
0x8C0773E8,sub_8C0773E8,24,24,0,5,2,2,0
0x8C077428,sub_8C077428,26,26,0,5,2,2,0
0x8C07746C,sub_8C07746C,19,19,0,4,1,1,0
0x8C07749A,sub_8C07749A,22,22,0,4,2,1,0
0x8C07753C,sub_8C07753C,24,24,0,5,2,2,0
0x8C0775E8,sub_8C0775E8,46,46,0,7,4,4,0
0x8C077F7C,sub_8C077F7C,55,55,0,10,7,0,0
0x8C077FFE,sub_8C077FFE,295,295,0,31,12,1,0
0x8C07826C,sub_8C07826C,56,56,0,10,2,0,0
0x8C0782F0,sub_8C0782F0,15,15,0,3,2,1,0
0x8C078310,sub_8C078310,15,15,0,3,2,1,0
0x8C078330,sub_8C078330,15,15,0,3,2,1,0
0x8C078350,sub_8C078350,18,18,0,3,4,1,0
0x8C078380,sub_8C078380,18,18,0,3,3,1,0
0x8C0783B0,sub_8C0783B0,15,15,0,3,2,1,0
0x8C0783FE,sub_8C0783FE,94,94,0,19,17,10,0
0x8C078400,sub_8C078400,93,93,0,19,17,10,0
0x8C0784D0,sub_8C0784D0,2,2,0,1,0,0,0
0x8C0784E0,sub_8C0784E0,4,4,0,1,1,0,0
0x8C0784F0,sub_8C0784F0,4,4,0,1,1,0,0
0x8C078500,sub_8C078500,4,4,0,1,1,0,0
0x8C078550,sub_8C078550,4,4,0,1,1,0,0
0x8C078560,sub_8C078560,4,4,0,1,1,0,0
0x8C078570,sub_8C078570,13,13,0,1,2,0,0
0x8C078590,sub_8C078590,4,4,0,1,1,0,0
0x8C0785A0,sub_8C0785A0,2,2,0,1,0,0,0
0x8C0785B0,sub_8C0785B0,42,42,0,5,3,2,0
0x8C078660,sub_8C078660,2,2,0,1,0,0,0
0x8C078670,sub_8C078670,4,4,0,1,2,0,0
0x8C078680,sub_8C078680,4,4,0,1,1,0,0
0x8C0786F0,sub_8C0786F0,38,38,0,5,3,0,0
0x8C078790,sub_8C078790,16,16,0,2,2,1,0
0x8C0787C0,sub_8C0787C0,3,3,0,1,1,1,0
0x8C0787D0,sub_8C0787D0,6,6,0,1,3,0,0
0x8C078800,sub_8C078800,128,128,0,20,15,11,0
0x8C078810,sub_8C078810,128,128,0,20,15,11,0
0x8C078820,sub_8C078820,128,128,0,20,15,11,0
0x8C078850,sub_8C078850,145,145,0,26,14,11,0
0x8C078860,sub_8C078860,145,145,0,26,14,11,0
0x8C078870,sub_8C078870,145,145,0,26,14,11,0
0x8C078880,sub_8C078880,3,3,0,1,1,0,0
0x8C078890,sub_8C078890,3,3,0,1,1,0,0
0x8C0788A0,sub_8C0788A0,23,23,0,1,3,0,0
0x8C0788D0,sub_8C0788D0,32,32,0,3,4,0,0
0x8C078A8E,sub_8C078A8E,144,144,0,25,14,11,0
0x8C078BC0,sub_8C078BC0,81,81,0,7,18,1,0
0x8C078C70,sub_8C078C70,26,26,0,1,1,0,0
0x8C078CB0,sub_8C078CB0,37,37,0,9,4,0,0
0x8C078D70,sub_8C078D70,65,65,0,6,0,0,0
0x8C078E00,sub_8C078E00,65,65,0,6,0,0,0
0x8C078E90,sub_8C078E90,80,80,0,27,4,4,0
0x8C078F8E,sub_8C078F8E,35,35,0,9,1,2,0
0x8C078F90,sub_8C078F90,34,34,0,9,1,2,0
0x8C078FE0,sub_8C078FE0,55,55,0,7,3,1,0
0x8C079060,sub_8C079060,67,67,0,2,0,1,0
0x8C0790F0,sub_8C0790F0,63,63,0,2,0,1,0
0x8C079170,sub_8C079170,59,59,0,2,0,1,0
0x8C0791F0,sub_8C0791F0,63,63,0,2,0,1,0
0x8C079280,sub_8C079280,59,59,0,2,0,1,0
0x8C079300,sub_8C079300,255,255,0,24,26,5,0
0x8C079540,sub_8C079540,69,69,0,3,12,3,0
0x8C0795D0,sub_8C0795D0,102,102,0,19,16,14,0
0x8C0796C0,sub_8C0796C0,32,32,0,3,2,2,0
0x8C079700,sub_8C079700,128,128,0,17,10,4,0
0x8C079840,sub_8C079840,92,92,0,11,6,2,0
0x8C079910,sub_8C079910,110,110,0,14,10,5,0
0x8C079A00,sub_8C079A00,43,43,0,4,1,0,0
0x8C079A90,sub_8C079A90,134,134,0,18,12,6,0
0x8C079BC0,sub_8C079BC0,452,452,0,57,14,5,0
0x8C079ED0,sub_8C079ED0,32,32,0,4,1,1,0
0x8C079F10,sub_8C079F10,94,94,0,5,10,0,0
0x8C079F40,sub_8C079F40,118,118,0,7,10,1,0
0x8C079F90,sub_8C079F90,97,97,0,5,10,0,0
0x8C079FC0,sub_8C079FC0,118,118,0,7,10,1,0
0x8C07A000,sub_8C07A000,99,99,0,5,10,0,0
0x8C07A040,sub_8C07A040,119,119,0,7,10,1,0
0x8C07A080,sub_8C07A080,99,99,0,5,10,0,0
0x8C07A0C0,sub_8C07A0C0,2,2,0,1,0,0,0
0x8C07A0D0,sub_8C07A0D0,224,224,0,36,7,5,0
0x8C07A2C0,sub_8C07A2C0,11,11,0,1,4,0,0
0x8C07A2E0,sub_8C07A2E0,73,73,0,4,10,0,0
0x8C07A3A0,sub_8C07A3A0,20,20,0,3,0,2,0
0x8C07A480,sub_8C07A480,35,35,0,9,1,0,0
0x8C07A52E,sub_8C07A52E,24,24,0,8,1,2,0
0x8C07A530,sub_8C07A530,23,23,0,8,1,2,0
0x8C07A570,sub_8C07A570,42,42,0,11,0,0,1
0x8C07A576,sub_8C07A576,39,39,0,10,0,0,1
0x8C07A5CC,sub_8C07A5CC,3,3,0,1,0,0,0
0x8C07A5CE,sub_8C07A5CE,2,2,0,1,0,0,0
0x8C07A5E0,sub_8C07A5E0,13,13,0,2,0,0,0
0x8C07A600,sub_8C07A600,4,4,0,1,0,0,0
0x8C07A640,sub_8C07A640,79,79,0,9,8,3,0
0x8C07A6F0,sub_8C07A6F0,247,247,0,41,21,8,0
0x8C07A970,sub_8C07A970,2,2,0,1,0,0,0
0x8C07A990,sub_8C07A990,32,32,0,5,0,1,0
0x8C07AB90,sub_8C07AB90,137,137,0,18,13,4,0
0x8C07ACD0,sub_8C07ACD0,32,32,0,5,0,1,0
0x8C07AD70,sub_8C07AD70,12,12,0,1,2,0,0
0x8C07ADA0,sub_8C07ADA0,432,432,0,61,44,7,0
0x8C07B3A0,sub_8C07B3A0,71,71,0,11,2,1,0
0x8C07B430,sub_8C07B430,78,78,0,21,1,0,0
0x8C07B530,sub_8C07B530,53,53,0,8,4,1,0
0x8C07B5A0,sub_8C07B5A0,57,57,0,11,3,1,0
0x8C07B650,sub_8C07B650,15,15,0,1,1,0,0
0x8C07B670,sub_8C07B670,23,23,0,6,1,0,0
0x8C07B6C0,sub_8C07B6C0,19,19,0,2,1,1,0
0x8C07B6E6,sub_8C07B6E6,16,16,0,2,1,1,0
0x8C07B706,sub_8C07B706,23,23,0,7,4,1,0
0x8C07B734,sub_8C07B734,22,22,0,7,3,1,0
0x8C07B760,sub_8C07B760,19,19,0,7,2,1,0
0x8C07B786,sub_8C07B786,29,29,0,9,5,3,0
0x8C07B7DE,sub_8C07B7DE,31,31,0,12,2,0,0
0x8C07B7E0,sub_8C07B7E0,53,53,0,15,9,5,0
0x8C07B84A,sub_8C07B84A,13,13,0,4,1,1,0
0x8C07B864,sub_8C07B864,72,72,0,21,5,1,0
0x8C07B91C,sub_8C07B91C,49,49,0,14,3,0,0
0x8C07B97E,sub_8C07B97E,108,108,0,12,4,1,0
0x8C07BA56,sub_8C07BA56,30,30,0,8,2,0,0
0x8C07BAAE,sub_8C07BAAE,74,74,0,8,3,1,0
0x8C07BAB0,sub_8C07BAB0,73,73,0,8,3,1,0
0x8C07BB42,sub_8C07BB42,196,196,0,41,34,16,0
0x8C07BD82,sub_8C07BD82,70,70,0,18,1,8,0
0x8C07BD84,sub_8C07BD84,69,69,0,18,1,8,0
0x8C07BEB4,sub_8C07BEB4,99,99,0,21,8,8,0
0x8C07C4D0,sub_8C07C4D0,59,59,0,17,1,7,0
0x8C07C5B8,sub_8C07C5B8,133,133,0,38,26,2,0
0x8C07C738,sub_8C07C738,141,141,0,34,21,3,0
0x8C07C804,sub_8C07C804,112,112,0,25,14,3,0
0x8C07C8BE,sub_8C07C8BE,51,51,0,12,8,2,0
0x8C07CBBC,sub_8C07CBBC,237,237,0,34,25,11,0
0x8C07CDF4,sub_8C07CDF4,7,7,0,1,0,0,0
0x8C07CE10,sub_8C07CE10,78,78,0,13,3,1,0
0x8C07CEAC,sub_8C07CEAC,22,22,0,3,3,0,0
0x8C07CED8,sub_8C07CED8,16,16,0,3,1,0,0
0x8C07CEF8,sub_8C07CEF8,16,16,0,3,1,0,0
0x8C07CF18,sub_8C07CF18,24,24,0,5,2,1,0
0x8C07CF48,sub_8C07CF48,68,68,0,16,1,0,0
0x8C07CFD0,sub_8C07CFD0,17,17,0,4,1,0,0
0x8C07D00C,sub_8C07D00C,34,34,0,5,2,1,0
0x8C07D050,sub_8C07D050,133,133,0,24,21,11,0
0x8C07D1CE,sub_8C07D1CE,11,11,0,3,1,0,0
0x8C07D1E4,sub_8C07D1E4,8,8,0,1,0,0,0
0x8C07D1F4,sub_8C07D1F4,23,23,0,8,0,0,0
0x8C07D222,sub_8C07D222,6,6,0,1,0,0,0
0x8C07D22E,sub_8C07D22E,6,6,0,1,0,0,0
0x8C07D254,sub_8C07D254,21,21,0,7,0,0,0
0x8C07D27E,sub_8C07D27E,13,13,0,3,0,0,0
0x8C07D298,sub_8C07D298,9,9,0,3,0,0,0
0x8C07D2AA,sub_8C07D2AA,138,138,0,46,2,2,0
0x8C07D3BE,sub_8C07D3BE,27,27,0,3,1,0,0
0x8C07D42A,sub_8C07D42A,27,27,0,3,2,0,0
0x8C07D460,sub_8C07D460,23,23,0,3,2,0,0
0x8C07D48E,sub_8C07D48E,23,23,0,3,2,0,0
0x8C07D4BC,sub_8C07D4BC,60,60,0,7,6,3,0
0x8C07D54C,sub_8C07D54C,38,38,0,4,3,1,0
0x8C07D598,sub_8C07D598,33,33,0,7,8,2,0
0x8C07D616,sub_8C07D616,15,15,0,5,1,0,0
0x8C07D668,sub_8C07D668,19,19,0,5,1,0,0
0x8C07D68E,sub_8C07D68E,77,77,0,23,5,2,0
0x8C07D728,sub_8C07D728,98,98,0,22,8,3,0
0x8C07D800,sub_8C07D800,32,32,0,10,4,3,0
0x8C07D862,sub_8C07D862,81,81,0,20,11,3,0
0x8C07D864,sub_8C07D864,80,80,0,20,11,3,0
0x8C07D904,sub_8C07D904,35,35,0,3,6,2,0
0x8C07D974,sub_8C07D974,27,27,0,5,4,0,0
0x8C07D9D0,sub_8C07D9D0,6,6,0,1,2,0,0
0x8C07D9F0,sub_8C07D9F0,69,69,0,11,6,3,0
0x8C07DA80,sub_8C07DA80,67,67,0,10,5,2,0
0x8C07DBF0,sub_8C07DBF0,155,155,0,16,14,4,0
0x8C07DD90,sub_8C07DD90,61,61,0,2,9,2,0
0x8C07E350,sub_8C07E350,15,15,0,5,1,1,0
0x8C07E36E,sub_8C07E36E,49,49,0,11,6,2,0
0x8C07E42C,sub_8C07E42C,68,68,0,22,10,0,0
0x8C07E558,sub_8C07E558,18,18,0,5,2,2,0
0x8C07E6EA,sub_8C07E6EA,72,72,0,19,9,5,0
0x8C07E794,sub_8C07E794,39,39,0,10,7,3,0
0x8C07E7E2,sub_8C07E7E2,14,14,0,4,0,3,0
0x8C07FAB4,sub_8C07FAB4,27,27,0,1,0,0,0
0x8C07FAEC,sub_8C07FAEC,85,85,0,3,2,0,0
0x8C07FBA0,sub_8C07FBA0,79,79,0,3,2,0,0
0x8C07FC48,sub_8C07FC48,95,95,0,5,2,0,0
0x8C07FD10,sub_8C07FD10,87,87,0,5,2,0,0
0x8C07FDC8,sub_8C07FDC8,43,43,0,10,0,0,1
0x8C07FDDE,sub_8C07FDDE,33,33,0,1,0,0,0
0x8C07FDE6,sub_8C07FDE6,29,29,0,1,0,0,0
0x8C07FDEE,sub_8C07FDEE,25,25,0,1,0,0,0
0x8C07FDF6,sub_8C07FDF6,21,21,0,1,0,0,0
0x8C07FDFE,sub_8C07FDFE,17,17,0,1,0,0,0
0x8C07FE1C,sub_8C07FE1C,2,2,0,1,0,0,0
0x8C07FE44,sub_8C07FE44,59,59,0,24,0,0,1
0x8C07FE56,sub_8C07FE56,34,34,0,1,0,0,0
0x8C07FE5A,sub_8C07FE5A,32,32,0,1,0,0,0
0x8C07FE5E,sub_8C07FE5E,30,30,0,1,0,0,0
0x8C07FE62,sub_8C07FE62,28,28,0,1,0,0,0
0x8C07FE66,sub_8C07FE66,26,26,0,1,0,0,0
0x8C07FE6A,sub_8C07FE6A,24,24,0,1,0,0,0
0x8C07FE6E,sub_8C07FE6E,22,22,0,1,0,0,0
0x8C07FE72,sub_8C07FE72,20,20,0,1,0,0,0
0x8C07FE76,sub_8C07FE76,18,18,0,1,0,0,0
0x8C07FE7A,sub_8C07FE7A,16,16,0,1,0,0,0
0x8C07FE96,sub_8C07FE96,2,2,0,1,0,0,0
0x8C07FF00,sub_8C07FF00,41,41,0,9,0,0,1
0x8C07FF16,sub_8C07FF16,31,31,0,1,0,0,0
0x8C07FF1E,sub_8C07FF1E,27,27,0,1,0,0,0
0x8C07FF26,sub_8C07FF26,23,23,0,1,0,0,0
0x8C07FF2E,sub_8C07FF2E,19,19,0,1,0,0,0
0x8C07FF36,sub_8C07FF36,15,15,0,1,0,0,0
0x8C07FF74,sub_8C07FF74,28,28,0,7,0,0,0
0x8C07FFAC,sub_8C07FFAC,7,7,0,3,0,0,0
0x8C07FFBC,sub_8C07FFBC,26,26,0,6,0,0,0
0x8C07FFF0,sub_8C07FFF0,95,95,0,25,0,0,0
0x8C0800B0,sub_8C0800B0,12,12,0,3,0,0,0
0x8C0800C8,sub_8C0800C8,8,8,0,2,1,1,0
0x8C0800D2,sub_8C0800D2,3,3,0,1,0,0,0
0x8C0800DC,sub_8C0800DC,8,8,0,4,0,0,0
0x8C0800E0,sub_8C0800E0,6,6,0,2,0,0,0
0x8C0800E6,sub_8C0800E6,3,3,0,2,0,0,0
0x8C0800EC,sub_8C0800EC,31,31,0,7,0,0,0
0x8C0800F0,sub_8C0800F0,3,3,0,1,0,0,0
0x8C080124,sub_8C080124,3,3,0,1,0,0,0
0x8C08013C,sub_8C08013C,3,3,0,1,0,0,0
0x8C08072A,sub_8C08072A,2,2,0,1,0,0,0
0x8C080770,sub_8C080770,2,2,0,1,0,0,0
0x8C080780,sub_8C080780,449,449,0,57,18,6,0
0x8C080782,sub_8C080782,448,448,0,57,18,6,0
0x8C080B60,sub_8C080B60,173,173,0,30,0,0,0
0x8C080EC0,sub_8C080EC0,307,307,0,114,0,43,1
0x8C080EC8,sub_8C080EC8,303,303,0,113,0,43,1
0x8C080EE2,sub_8C080EE2,263,263,0,96,0,35,1
0x8C080EF2,sub_8C080EF2,255,255,0,91,0,33,1
0x8C080EFE,sub_8C080EFE,219,219,0,77,0,27,1
0x8C080F10,sub_8C080F10,210,210,0,75,0,27,1
0x8C080F14,sub_8C080F14,208,208,0,74,0,27,1
0x8C080F30,sub_8C080F30,194,194,0,72,0,27,1
0x8C080F4A,sub_8C080F4A,14,14,0,4,0,0,0
0x8C080F58,sub_8C080F58,7,7,0,1,0,0,0
0x8C080F66,sub_8C080F66,148,148,0,57,0,24,1
0x8C080F74,sub_8C080F74,141,141,0,54,0,23,1
0x8C080F7E,sub_8C080F7E,136,136,0,52,0,23,1
0x8C080F98,sub_8C080F98,123,123,0,47,0,20,1
0x8C080F9C,sub_8C080F9C,151,151,0,58,0,25,1
0x8C080FAA,sub_8C080FAA,144,144,0,55,0,24,1
0x8C080FB4,sub_8C080FB4,139,139,0,53,0,24,1
0x8C080FD4,sub_8C080FD4,123,123,0,47,0,20,1
0x8C080FD8,sub_8C080FD8,167,167,0,65,0,27,1
0x8C080FE2,sub_8C080FE2,162,162,0,63,0,27,1
0x8C080FE6,sub_8C080FE6,160,160,0,62,0,26,1
0x8C080FF4,sub_8C080FF4,153,153,0,59,0,25,1
0x8C080FFE,sub_8C080FFE,148,148,0,57,0,25,1
0x8C081008,sub_8C081008,143,143,0,55,0,25,1
0x8C081022,sub_8C081022,130,130,0,49,0,21,1
0x8C081034,sub_8C081034,121,121,0,46,0,20,1
0x8C081052,sub_8C081052,19,19,0,6,0,3,0
0x8C081056,sub_8C081056,17,17,0,6,0,3,0
0x8C08105A,sub_8C08105A,15,15,0,6,0,3,0
0x8C08105E,sub_8C08105E,12,12,0,5,0,1,0
0x8C081062,sub_8C081062,18,18,0,7,0,3,0
0x8C081066,sub_8C081066,9,9,0,4,0,1,0
0x8C08106A,sub_8C08106A,33,33,0,11,0,6,0
0x8C08106E,sub_8C08106E,17,17,0,5,0,3,0
0x8C081130,sub_8C081130,73,73,0,11,0,0,0
0x8C0811D0,sub_8C0811D0,25,25,0,3,0,0,0
0x8C081210,sub_8C081210,14,14,0,1,1,0,0
0x8C081230,sub_8C081230,25,25,0,1,1,0,0
0x8C081270,sub_8C081270,27,27,0,3,1,0,0
0x8C0812B0,sub_8C0812B0,70,70,0,3,1,0,0
0x8C08134E,sub_8C08134E,72,72,0,29,0,14,0
0x8C081350,sub_8C081350,71,71,0,29,0,14,0
0x8C0814B0,sub_8C0814B0,69,69,0,10,0,0,0
0x8C081540,sub_8C081540,166,166,0,28,0,0,0
0x8C0829EA,sub_8C0829EA,99,99,0,18,1,4,0
0x8C082BD0,sub_8C082BD0,133,133,0,20,0,0,0
0x8C082CE0,sub_8C082CE0,124,124,0,18,0,0,0
0x8C082DE0,sub_8C082DE0,404,404,0,114,0,34,1
0x8C082DF8,sub_8C082DF8,392,392,0,113,0,34,1
0x8C082E02,sub_8C082E02,385,385,0,111,0,33,1
0x8C082E16,sub_8C082E16,350,350,0,95,0,27,1
0x8C082E2A,sub_8C082E2A,340,340,0,93,0,27,1
0x8C082E36,sub_8C082E36,334,334,0,92,0,27,1
0x8C082E5E,sub_8C082E5E,308,308,0,86,0,27,1
0x8C082EAA,sub_8C082EAA,19,19,0,1,0,0,0
0x8C082ED0,sub_8C082ED0,14,14,0,4,0,0,0
0x8C082EDE,sub_8C082EDE,7,7,0,1,0,0,0
0x8C082EEC,sub_8C082EEC,217,217,0,75,0,27,1
0x8C082EF8,sub_8C082EF8,214,214,0,74,0,27,1
0x8C082EFE,sub_8C082EFE,211,211,0,74,0,27,1
0x8C082F0C,sub_8C082F0C,20,20,0,2,0,0,0
0x8C082F18,sub_8C082F18,17,17,0,1,0,0,0
0x8C082F1E,sub_8C082F1E,14,14,0,1,0,0,0
0x8C082F3A,sub_8C082F3A,241,241,0,87,0,33,1
0x8C082F46,sub_8C082F46,205,205,0,73,0,27,1
0x8C082F58,sub_8C082F58,196,196,0,71,0,27,1
0x8C082F5C,sub_8C082F5C,194,194,0,70,0,27,1
0x8C082F78,sub_8C082F78,180,180,0,68,0,27,1
0x8C082FC8,sub_8C082FC8,151,151,0,58,0,25,1
0x8C082FD6,sub_8C082FD6,144,144,0,55,0,24,1
0x8C082FE0,sub_8C082FE0,139,139,0,53,0,24,1
0x8C083000,sub_8C083000,123,123,0,47,0,20,1
0x8C083004,sub_8C083004,167,167,0,65,0,27,1
0x8C08300E,sub_8C08300E,162,162,0,63,0,27,1
0x8C083012,sub_8C083012,160,160,0,62,0,26,1
0x8C083020,sub_8C083020,153,153,0,59,0,25,1
0x8C08302A,sub_8C08302A,148,148,0,57,0,25,1
0x8C083034,sub_8C083034,143,143,0,55,0,25,1
0x8C08304E,sub_8C08304E,130,130,0,49,0,21,1
0x8C083060,sub_8C083060,121,121,0,46,0,20,1
0x8C08307E,sub_8C08307E,19,19,0,6,0,3,0
0x8C083082,sub_8C083082,17,17,0,6,0,3,0
0x8C083086,sub_8C083086,15,15,0,6,0,3,0
0x8C08308A,sub_8C08308A,12,12,0,5,0,1,0
0x8C08308E,sub_8C08308E,18,18,0,7,0,3,0
0x8C083092,sub_8C083092,9,9,0,4,0,1,0
0x8C083096,sub_8C083096,33,33,0,11,0,6,0
0x8C08309A,sub_8C08309A,17,17,0,5,0,3,0
0x8C083160,sub_8C083160,27,27,0,3,0,0,0
0x8C0831A0,sub_8C0831A0,20,20,0,3,0,0,0
0x8C0831D0,sub_8C0831D0,14,14,0,1,1,0,0
0x8C0831F0,sub_8C0831F0,25,25,0,1,1,0,0
0x8C083230,sub_8C083230,27,27,0,3,1,0,0
0x8C083270,sub_8C083270,135,135,0,3,1,0,0
0x8C08338E,sub_8C08338E,72,72,0,29,0,14,0
0x8C083390,sub_8C083390,71,71,0,29,0,14,0
0x8C0834F0,sub_8C0834F0,69,69,0,10,0,0,0
0x8C08358A,sub_8C08358A,99,99,0,18,1,4,0
0x8C083770,sub_8C083770,131,131,0,20,0,0,0
0x8C083880,sub_8C083880,122,122,0,18,0,0,0
0x8C083980,sub_8C083980,402,402,0,114,0,34,1
0x8C083998,sub_8C083998,390,390,0,113,0,34,1
0x8C0839A2,sub_8C0839A2,383,383,0,111,0,33,1
0x8C0839B6,sub_8C0839B6,348,348,0,95,0,27,1
0x8C0839CA,sub_8C0839CA,338,338,0,93,0,27,1
0x8C0839D6,sub_8C0839D6,332,332,0,92,0,27,1
0x8C0839FC,sub_8C0839FC,307,307,0,86,0,27,1
0x8C083A46,sub_8C083A46,19,19,0,1,0,0,0
0x8C083A6C,sub_8C083A6C,14,14,0,4,0,0,0
0x8C083A7A,sub_8C083A7A,7,7,0,1,0,0,0
0x8C083A88,sub_8C083A88,217,217,0,75,0,27,1
0x8C083A94,sub_8C083A94,214,214,0,74,0,27,1
0x8C083A9A,sub_8C083A9A,211,211,0,74,0,27,1
0x8C083AA8,sub_8C083AA8,20,20,0,2,0,0,0
0x8C083AB4,sub_8C083AB4,17,17,0,1,0,0,0
0x8C083ABA,sub_8C083ABA,14,14,0,1,0,0,0
0x8C083AD6,sub_8C083AD6,241,241,0,87,0,33,1
0x8C083AE2,sub_8C083AE2,205,205,0,73,0,27,1
0x8C083AF4,sub_8C083AF4,196,196,0,71,0,27,1
0x8C083AF8,sub_8C083AF8,194,194,0,70,0,27,1
0x8C083B14,sub_8C083B14,180,180,0,68,0,27,1
0x8C083B64,sub_8C083B64,151,151,0,58,0,25,1
0x8C083B72,sub_8C083B72,144,144,0,55,0,24,1
0x8C083B7C,sub_8C083B7C,139,139,0,53,0,24,1
0x8C083B9C,sub_8C083B9C,123,123,0,47,0,20,1
0x8C083BA0,sub_8C083BA0,167,167,0,65,0,27,1
0x8C083BAA,sub_8C083BAA,162,162,0,63,0,27,1
0x8C083BAE,sub_8C083BAE,160,160,0,62,0,26,1
0x8C083BBC,sub_8C083BBC,153,153,0,59,0,25,1
0x8C083BC6,sub_8C083BC6,148,148,0,57,0,25,1
0x8C083BD0,sub_8C083BD0,143,143,0,55,0,25,1
0x8C083BEA,sub_8C083BEA,130,130,0,49,0,21,1
0x8C083BFC,sub_8C083BFC,121,121,0,46,0,20,1
0x8C083C1A,sub_8C083C1A,19,19,0,6,0,3,0
0x8C083C1E,sub_8C083C1E,17,17,0,6,0,3,0
0x8C083C22,sub_8C083C22,15,15,0,6,0,3,0
0x8C083C26,sub_8C083C26,12,12,0,5,0,1,0
0x8C083C2A,sub_8C083C2A,18,18,0,7,0,3,0
0x8C083C2E,sub_8C083C2E,9,9,0,4,0,1,0
0x8C083C32,sub_8C083C32,33,33,0,11,0,6,0
0x8C083C36,sub_8C083C36,17,17,0,5,0,3,0
0x8C083CF0,sub_8C083CF0,26,26,0,3,0,0,0
0x8C083D30,sub_8C083D30,20,20,0,3,0,0,0
0x8C083D60,sub_8C083D60,14,14,0,1,1,0,0
0x8C083D80,sub_8C083D80,25,25,0,1,1,0,0
0x8C083DC0,sub_8C083DC0,27,27,0,3,1,0,0
0x8C083E00,sub_8C083E00,202,202,0,3,1,0,0
0x8C083F9E,sub_8C083F9E,72,72,0,29,0,14,0
0x8C083FA0,sub_8C083FA0,71,71,0,29,0,14,0
0x8C084100,sub_8C084100,69,69,0,10,0,0,0
0x8C087480,sub_8C087480,1068,1068,0,281,9,74,0
0x8C087EA0,sub_8C087EA0,23,23,0,4,0,0,0
0x8C087ED0,sub_8C087ED0,30,30,0,3,0,0,0
0x8C087F0C,sub_8C087F0C,15,15,0,1,0,0,0
0x8C087F2C,sub_8C087F2C,10,10,0,3,0,0,0
0x8C087F40,sub_8C087F40,6,6,0,1,0,0,0
0x8C087F4C,sub_8C087F4C,31,31,0,1,0,0,0
0x8C087F8C,sub_8C087F8C,29,29,0,1,0,0,0
0x8C087FC8,sub_8C087FC8,14,14,0,3,0,0,0
0x8C087FE4,sub_8C087FE4,14,14,0,3,0,0,0
0x8C088000,sub_8C088000,15,15,0,1,0,0,0
0x8C08803C,sub_8C08803C,30,30,0,3,0,0,0
0x8C088078,sub_8C088078,10,10,0,1,0,0,0
0x8C089A54,sub_8C089A54,8,8,0,1,1,0,0
0x8C089A70,sub_8C089A70,101,101,0,16,15,2,0
0x8C089B6C,sub_8C089B6C,103,103,0,16,15,2,0
0x8C089C6C,sub_8C089C6C,111,111,0,18,17,2,0
0x8C089D7C,sub_8C089D7C,71,71,0,17,11,1,0
0x8C089E30,sub_8C089E30,63,63,0,15,9,1,0
0x8C089EC6,sub_8C089EC6,67,67,0,15,9,1,0
0x8C089F74,sub_8C089F74,168,168,0,29,68,18,0
0x8C08A160,sub_8C08A160,11,11,0,2,3,1,0
0x8C08A188,sub_8C08A188,7,7,0,2,1,1,0
0x8C08A196,sub_8C08A196,7,7,0,2,0,1,0
0x8C08A1A8,sub_8C08A1A8,7,7,0,2,0,1,0
0x8C08A1B6,sub_8C08A1B6,7,7,0,2,0,1,0
0x8C08A1C4,sub_8C08A1C4,7,7,0,2,0,1,0
0x8C08A1D2,sub_8C08A1D2,7,7,0,2,0,1,0
0x8C08A1E0,sub_8C08A1E0,7,7,0,2,0,1,0
0x8C08A1EE,sub_8C08A1EE,7,7,0,2,0,1,0
0x8C08A1FC,sub_8C08A1FC,7,7,0,2,0,1,0
0x8C08A20A,sub_8C08A20A,484,484,0,55,27,25,1
0x8C08A212,sub_8C08A212,480,480,0,54,27,25,1
0x8C08A276,sub_8C08A276,82,82,0,7,4,3,0
0x8C08A28E,sub_8C08A28E,82,82,0,7,4,3,0
0x8C08A2A6,sub_8C08A2A6,92,92,0,7,4,3,0
0x8C08A2D2,sub_8C08A2D2,85,85,0,7,4,3,0
0x8C08A300,sub_8C08A300,87,87,0,7,4,3,0
0x8C08A322,sub_8C08A322,87,87,0,7,4,3,0
0x8C08A344,sub_8C08A344,84,84,0,7,4,3,0
0x8C08A360,sub_8C08A360,86,86,0,7,4,3,0
0x8C08A390,sub_8C08A390,88,88,0,7,4,3,0
0x8C08A3B4,sub_8C08A3B4,84,84,0,7,4,3,0
0x8C08A3D0,sub_8C08A3D0,84,84,0,7,4,3,0
0x8C08A418,sub_8C08A418,88,88,0,7,4,3,0
0x8C08A43C,sub_8C08A43C,96,96,0,7,4,3,0
0x8C08A470,sub_8C08A470,96,96,0,7,4,3,0
0x8C08A4B0,sub_8C08A4B0,92,92,0,7,4,3,0
0x8C08A4DC,sub_8C08A4DC,86,86,0,7,4,3,0
0x8C08A4FC,sub_8C08A4FC,92,92,0,7,4,3,0
0x8C08A534,sub_8C08A534,92,92,0,7,4,3,0
0x8C08A560,sub_8C08A560,84,84,0,7,4,3,0
0x8C08A57C,sub_8C08A57C,84,84,0,7,4,3,0
0x8C08A598,sub_8C08A598,88,88,0,7,4,3,0
0x8C08A674,sub_8C08A674,32,32,0,3,1,1,0
0x8C08A6B8,sub_8C08A6B8,31,31,0,3,1,1,0
0x8C08A6FC,sub_8C08A6FC,24,24,0,4,1,0,0
0x8C08A730,sub_8C08A730,24,24,0,4,1,0,0
0x8C08A798,sub_8C08A798,14,14,0,1,1,0,0
0x8C08A7C0,sub_8C08A7C0,16,16,0,1,1,0,0
0x8C08A7E4,sub_8C08A7E4,36,36,0,1,1,0,0
0x8C08A878,sub_8C08A878,107,107,0,17,1,0,0
0x8C08A9DC,sub_8C08A9DC,29,29,0,4,5,0,0
0x8C08AA2C,sub_8C08AA2C,120,120,0,20,19,8,0
0x8C08AB60,sub_8C08AB60,47,47,0,11,5,0,0
0x8C08ABCA,sub_8C08ABCA,221,221,0,25,24,6,0
0x8C08B012,sub_8C08B012,14,14,0,3,4,2,0
0x8C08B042,sub_8C08B042,35,35,0,7,1,1,0
0x8C08B094,sub_8C08B094,30,30,0,5,3,1,0
0x8C08B0E4,sub_8C08B0E4,148,148,0,14,17,5,0
0x8C08B248,sub_8C08B248,168,168,0,21,15,4,0
0x8C08B3CA,sub_8C08B3CA,80,80,0,5,11,2,0
0x8C08B490,sub_8C08B490,43,43,0,3,4,0,0
0x8C08B4F4,sub_8C08B4F4,134,134,0,22,17,6,0
0x8C08B634,sub_8C08B634,630,630,0,85,73,43,0
0x8C08BBE4,sub_8C08BBE4,81,81,0,7,2,2,0
0x8C08BC96,sub_8C08BC96,51,51,0,7,3,1,0
0x8C08BD10,sub_8C08BD10,197,197,0,24,14,7,0
0x8C08BEC6,sub_8C08BEC6,174,174,0,39,21,8,0
0x8C08C17C,sub_8C08C17C,158,158,0,28,22,9,0
0x8C08C2FC,sub_8C08C2FC,263,263,0,40,30,12,0
0x8C08C564,sub_8C08C564,221,221,0,34,24,11,0
0x8C08C864,sub_8C08C864,224,224,0,42,21,12,0
0x8C08CA74,sub_8C08CA74,95,95,0,17,10,1,0
0x8C08CB58,sub_8C08CB58,168,168,0,34,24,11,0
0x8C08CCF8,sub_8C08CCF8,156,156,0,26,21,8,0
0x8C08CE74,sub_8C08CE74,73,73,0,11,7,1,0
0x8C08CF20,sub_8C08CF20,162,162,0,27,18,6,0
0x8C08D0A4,sub_8C08D0A4,85,85,0,18,15,5,0
0x8C08D17C,sub_8C08D17C,161,161,0,27,17,5,0
0x8C08D2F0,sub_8C08D2F0,155,155,0,27,17,5,0
0x8C08D87E,sub_8C08D87E,92,92,0,14,9,7,0
0x8C08D964,sub_8C08D964,145,145,0,29,22,11,0
0x8C08DAD0,sub_8C08DAD0,186,186,0,38,23,11,0
0x8C08DC90,sub_8C08DC90,187,187,0,30,24,10,0
0x8C08E180,sub_8C08E180,175,175,0,26,23,10,0
0x8C08E32C,sub_8C08E32C,97,97,0,21,16,6,0
0x8C08E41C,sub_8C08E41C,106,106,0,21,14,5,0
0x8C08E518,sub_8C08E518,107,107,0,19,15,3,0
0x8C08E82A,sub_8C08E82A,54,54,0,10,5,1,0
0x8C08E8B0,sub_8C08E8B0,47,47,0,7,4,1,0
0x8C08E924,sub_8C08E924,56,56,0,8,3,1,0
0x8C08E9A6,sub_8C08E9A6,81,81,0,17,5,1,0
0x8C08EA62,sub_8C08EA62,245,245,0,57,25,22,0
0x8C08EC98,sub_8C08EC98,68,68,0,10,4,2,0
0x8C08ED3C,sub_8C08ED3C,177,177,0,34,14,11,0
0x8C08EEE0,sub_8C08EEE0,185,185,0,36,9,11,0
0x8C08F07E,sub_8C08F07E,33,33,0,7,0,0,0
0x8C08F0C6,sub_8C08F0C6,51,51,0,10,0,2,0
0x8C08F134,sub_8C08F134,101,101,0,10,3,3,0
0x8C08F204,sub_8C08F204,71,71,0,15,3,2,0
0x8C08F2A2,sub_8C08F2A2,51,51,0,7,3,1,0
0x8C08F31A,sub_8C08F31A,41,41,0,6,2,0,0
0x8C08F37A,sub_8C08F37A,22,22,0,2,3,1,0
0x8C08F3B8,sub_8C08F3B8,22,22,0,2,3,1,0
0x8C08F3F8,sub_8C08F3F8,51,51,0,7,3,1,0
0x8C08F470,sub_8C08F470,70,70,0,9,5,3,0
0x8C08F518,sub_8C08F518,84,84,0,13,5,2,0
0x8C08F5D8,sub_8C08F5D8,96,96,0,20,8,5,0
0x8C08F6B4,sub_8C08F6B4,52,52,0,7,3,1,0
0x8C08F72E,sub_8C08F72E,39,39,0,11,2,3,0
0x8C08F788,sub_8C08F788,65,65,0,10,4,2,0
0x8C08F824,sub_8C08F824,38,38,0,4,3,1,0
0x8C08F87C,sub_8C08F87C,24,24,0,2,3,1,0
0x8C08F8C0,sub_8C08F8C0,109,109,0,20,8,4,0
0x8C08F9C4,sub_8C08F9C4,19,19,0,1,2,0,0
0x8C08F9F6,sub_8C08F9F6,20,20,0,1,2,0,0
0x8C08FA24,sub_8C08FA24,40,40,0,6,4,0,0
0x8C08FA8A,sub_8C08FA8A,13,13,0,2,1,1,0
0x8C08FAA8,sub_8C08FAA8,7,7,0,1,0,0,0
0x8C08FABC,sub_8C08FABC,144,144,0,25,14,3,0
0x8C08FC00,sub_8C08FC00,24,24,0,3,2,2,0
0x8C08FC40,sub_8C08FC40,19,19,0,1,0,0,0
0x8C08FC6C,sub_8C08FC6C,115,115,0,11,3,9,0
0x8C08FD60,sub_8C08FD60,89,89,0,8,1,7,0
0x8C08FE18,sub_8C08FE18,154,154,0,33,6,0,0
0x8C08FF62,sub_8C08FF62,70,70,0,7,6,1,0
0x8C090008,sub_8C090008,70,70,0,7,6,1,0
0x8C0900AC,sub_8C0900AC,88,88,0,17,7,4,0
0x8C090180,sub_8C090180,156,156,0,26,11,9,0
0x8C0902E8,sub_8C0902E8,176,176,0,29,15,11,0
0x8C090484,sub_8C090484,143,143,0,23,10,8,0
0x8C0905CC,sub_8C0905CC,176,176,0,29,15,11,0
0x8C090766,sub_8C090766,82,82,0,11,3,1,0
0x8C090768,sub_8C090768,81,81,0,11,3,1,0
0x8C090820,sub_8C090820,95,95,0,18,7,5,0
0x8C0909CE,sub_8C0909CE,146,146,0,24,10,6,0
0x8C090B0E,sub_8C090B0E,163,163,0,27,18,6,0
0x8C090B10,sub_8C090B10,162,162,0,27,18,6,0
0x8C090C94,sub_8C090C94,195,195,0,34,14,10,0
0x8C090E4C,sub_8C090E4C,61,61,0,9,10,2,0
0x8C090EDE,sub_8C090EDE,61,61,0,12,10,3,0
0x8C090F84,sub_8C090F84,50,50,0,9,9,2,0
0x8C091004,sub_8C091004,87,87,0,23,1,0,1
0x8C091054,sub_8C091054,23,23,0,7,0,0,0
0x8C091084,sub_8C091084,17,17,0,2,1,1,0
0x8C0910D0,sub_8C0910D0,137,137,0,18,1,4,0
0x8C091300,sub_8C091300,129,129,0,17,0,0,0
0x8C091460,sub_8C091460,125,125,0,15,0,0,0
0x8C0915B0,sub_8C0915B0,199,199,0,79,0,39,1
0x8C0915B8,sub_8C0915B8,195,195,0,78,0,39,1
0x8C0915D2,sub_8C0915D2,149,149,0,59,0,25,1
0x8C0915E4,sub_8C0915E4,161,161,0,62,0,29,1
0x8C0915F0,sub_8C0915F0,140,140,0,54,0,23,1
0x8C0915FC,sub_8C0915FC,14,14,0,4,0,0,0
0x8C09160A,sub_8C09160A,7,7,0,1,0,0,0
0x8C091618,sub_8C091618,117,117,0,45,0,21,1
0x8C091630,sub_8C091630,120,120,0,46,0,22,1
0x8C09164E,sub_8C09164E,120,120,0,47,0,22,1
0x8C09166C,sub_8C09166C,105,105,0,40,0,17,1
0x8C09167E,sub_8C09167E,19,19,0,6,0,3,0
0x8C091682,sub_8C091682,17,17,0,6,0,3,0
0x8C091686,sub_8C091686,15,15,0,6,0,3,0
0x8C09168A,sub_8C09168A,12,12,0,5,0,1,0
0x8C09168E,sub_8C09168E,18,18,0,7,0,3,0
0x8C091692,sub_8C091692,9,9,0,4,0,1,0
0x8C091696,sub_8C091696,23,23,0,8,0,4,0
0x8C09169A,sub_8C09169A,17,17,0,5,0,3,0
0x8C091740,sub_8C091740,100,100,0,11,0,0,0
0x8C091830,sub_8C091830,20,20,0,3,0,0,0
0x8C091860,sub_8C091860,14,14,0,1,1,0,0
0x8C091880,sub_8C091880,28,28,0,3,1,0,0
0x8C0918C0,sub_8C0918C0,61,61,0,3,1,0,0
0x8C09194E,sub_8C09194E,53,53,0,21,0,13,0
0x8C091950,sub_8C091950,52,52,0,21,0,13,0
0x8C091A90,sub_8C091A90,39,39,0,1,0,0,0
0x8C091AE0,sub_8C091AE0,13,13,0,3,1,1,0
0x8C0926A8,sub_8C0926A8,13,13,0,3,3,2,0
0x8C0926C8,sub_8C0926C8,17,17,0,2,2,1,0
0x8C092704,sub_8C092704,9,9,0,2,2,1,0
0x8C092732,sub_8C092732,7,7,0,2,1,1,0
0x8C092760,sub_8C092760,5,5,0,1,1,0,0
0x8C09276A,sub_8C09276A,2,2,0,1,0,0,0
0x8C092774,sub_8C092774,316,316,0,51,35,26,0
0x8C092A42,sub_8C092A42,174,174,0,38,20,11,0
0x8C092BE4,sub_8C092BE4,285,285,0,69,31,18,0
0x8C092E84,sub_8C092E84,34,34,0,6,1,0,0
0x8C092ED0,sub_8C092ED0,41,41,0,7,3,2,0
0x8C092F38,sub_8C092F38,52,52,0,10,4,3,0
0x8C092FB8,sub_8C092FB8,66,66,0,11,4,1,0
0x8C09304C,sub_8C09304C,175,175,0,43,19,12,0
0x8C0931EC,sub_8C0931EC,184,184,0,46,20,12,0
0x8C0933AC,sub_8C0933AC,217,217,0,56,18,12,0
0x8C0935A4,sub_8C0935A4,50,50,0,14,0,0,0
0x8C093608,sub_8C093608,876,876,0,233,71,22,0
0x8C093D4C,sub_8C093D4C,257,257,0,74,2,2,0
0x8C093F50,sub_8C093F50,44,44,0,8,1,2,0
0x8C093FB0,sub_8C093FB0,3,3,0,1,0,0,0
0x8C093FB6,sub_8C093FB6,8,8,0,3,0,0,0
0x8C093FC0,sub_8C093FC0,3,3,0,1,0,0,0
0x8C093FC6,sub_8C093FC6,11,11,0,3,0,0,0
0x8C093FCA,sub_8C093FCA,9,9,0,3,0,0,0
0x8C093FD6,sub_8C093FD6,3,3,0,1,0,0,0
0x8C093FDC,sub_8C093FDC,29,29,0,6,7,1,0
0x8C09402C,sub_8C09402C,7,7,0,2,1,1,0
0x8C094034,sub_8C094034,3,3,0,1,0,0,0
0x8C094040,sub_8C094040,27,27,0,9,0,0,0
0x8C094070,sub_8C094070,3,3,0,1,0,0,0
0x8C094078,sub_8C094078,21,21,0,2,6,1,0
0x8C09409C,sub_8C09409C,3,3,0,1,0,0,0
0x8C0940A2,sub_8C0940A2,98,98,0,12,16,3,0
0x8C0941A4,sub_8C0941A4,155,155,0,11,54,4,0
0x8C09431E,sub_8C09431E,26,26,0,3,3,1,0
0x8C094400,sub_8C094400,13,13,0,2,2,1,0
0x8C094500,sub_8C094500,41,41,0,7,9,2,0
0x8C094568,sub_8C094568,7,7,0,2,0,1,0
0x8C094576,sub_8C094576,106,106,0,19,15,3,0
0x8C09467C,sub_8C09467C,81,81,0,28,0,0,0
0x8C094724,sub_8C094724,104,104,0,34,10,5,0
0x8C09481C,sub_8C09481C,878,878,0,203,14,8,0
0x8C094F20,sub_8C094F20,48,48,0,8,0,0,0
0x8C094F88,sub_8C094F88,15,15,0,5,0,0,0
0x8C094FA8,sub_8C094FA8,14,14,0,3,1,0,0
0x8C094FC8,sub_8C094FC8,16,16,0,3,1,0,0
0x8C094FEC,sub_8C094FEC,114,114,0,16,7,0,0
0x8C0950F0,sub_8C0950F0,139,139,0,20,7,6,0
0x8C095224,sub_8C095224,364,364,0,57,36,19,0
0x8C095558,sub_8C095558,56,56,0,3,2,0,0
0x8C0955CC,sub_8C0955CC,51,51,0,1,0,0,0
0x8C095634,sub_8C095634,15,15,0,5,0,0,0
0x8C095654,sub_8C095654,111,111,0,16,9,9,0
0x8C095758,sub_8C095758,37,37,0,3,3,2,0
0x8C0957A2,sub_8C0957A2,169,169,0,21,18,6,0
0x8C095924,sub_8C095924,125,125,0,21,8,1,0
0x8C095A44,sub_8C095A44,37,37,0,7,1,0,0
0x8C095A90,sub_8C095A90,13,13,0,1,2,0,0
0x8C095AB4,sub_8C095AB4,42,42,0,7,1,0,0
0x8C095B0C,sub_8C095B0C,59,59,0,14,1,0,0
0x8C095B84,sub_8C095B84,26,26,0,6,0,0,0
0x8C095BB8,sub_8C095BB8,122,122,0,15,14,6,0
0x8C095CCC,sub_8C095CCC,36,36,0,3,2,0,0
0x8C095D1C,sub_8C095D1C,197,197,0,46,7,12,0
0x8C095EC0,sub_8C095EC0,29,29,0,6,2,0,0
0x8C095F04,sub_8C095F04,34,34,0,7,1,0,0
0x8C095F4C,sub_8C095F4C,47,47,0,7,4,4,0
0x8C095FBC,sub_8C095FBC,14,14,0,3,0,0,0
0x8C095FD8,sub_8C095FD8,147,147,0,26,14,10,0
0x8C096138,sub_8C096138,114,114,0,25,4,2,0
0x8C096228,sub_8C096228,62,62,0,15,2,1,0
0x8C0962AC,sub_8C0962AC,33,33,0,4,2,1,0
0x8C0962F4,sub_8C0962F4,93,93,0,13,5,5,0
0x8C0963C4,sub_8C0963C4,66,66,0,11,5,4,0
0x8C09645C,sub_8C09645C,37,37,0,5,0,0,0
0x8C0964A8,sub_8C0964A8,15,15,0,3,0,0,0
0x8C10B538,sub_8C0964A8+0x75090,328,144,184,3,0,2,0
0x8C10BB6A,sub_8C0964A8+0x756C2,1147,353,794,4,2,1,0
0x8C10BE12,sub_8C0964A8+0x7596A,1147,353,794,5,2,1,0
0x8C10C29A,sub_8C10C29A,227,105,122,4,2,1,0
0x8C10C2F4,sub_8C10C29A+0x5A,182,90,92,4,2,1,0
0x8C10C45E,sub_8C10C45E,13,6,7,1,0,0,0
0x8C10C522,sub_8C10C522,11,3,8,1,0,0,0
0x8C10C96E,sub_8C10C96E,187,92,95,1,0,1,0
0x8C10C978,sub_8C10C978,182,92,90,1,0,1,0
0x8C10CA32,sub_8C10CA32,89,53,36,1,0,1,0
0x8C10CC1E,sub_8C10CC1E,167,34,133,1,0,0,0
0x8C10CCE2,sub_8C10CCE2,69,10,59,1,0,0,0
0x8C10CEAC,sub_8C10CEAC,337,192,145,6,10,5,0
0x8C10CF66,sub_8C10CF66,244,135,109,6,10,5,0
0x8C10D0E4,sub_8C10D0E4,939,386,553,54,14,46,0
0x8C10D158,sub_8C10D158,881,350,531,51,9,43,0
0x8C10D2FE,sub_8C10D2FE,27,10,17,6,1,5,0
0x8C10D31A,sub_8C10D31A,13,7,6,5,1,4,0
0x8C10D344,sub_8C10D31A+0x2A,90,30,60,10,1,9,0
0x8C10D3AC,sub_8C10D3AC,38,10,28,6,1,5,0
0x8C10D3C8,sub_8C10D3C8,24,10,14,6,1,5,0
0x8C10D4B8,sub_8C10D4B8,782,546,236,4,0,3,0
0x8C10D536,sub_8C10D536,719,514,205,4,0,3,0
0x8C10D53A,sub_8C10D53A,717,513,204,4,0,3,0
0x8C10D59C,sub_8C10D59C,668,493,175,4,0,3,0
0x8C10D5E2,sub_8C10D5E2,633,473,160,4,0,3,0
0x8C10D616,sub_8C10D616,607,458,149,4,0,3,0
0x8C10D632,sub_8C10D632,593,447,146,4,0,3,0
0x8C10D648,sub_8C10D648,582,441,141,4,0,3,0
0x8C10D664,sub_8C10D664,568,430,138,4,0,3,0
0x8C10D676,sub_8C10D664+0x12,559,423,136,4,0,3,0
0x8C10D6FA,sub_8C10D6FA,493,369,124,4,0,3,0
0x8C10D82A,sub_8C10D82A,341,230,111,4,0,3,0
0x8C10D848,sub_8C10D848,326,215,111,4,0,3,0
0x8C10D85C,sub_8C10D85C,316,206,110,4,0,3,0
0x8C10D878,sub_8C10D878,302,192,110,4,0,3,0
0x8C10D894,sub_8C10D894,288,179,109,4,0,3,0
0x8C10D89E,sub_8C10D894+0xA,283,174,109,4,0,3,0
0x8C10D8DA,sub_8C10D8DA,253,150,103,4,0,3,0
0x8C10D8E8,sub_8C10D8DA+0xE,246,144,102,4,0,3,0
0x8C10D8F6,sub_8C10D8F6,239,140,99,4,0,3,0
0x8C10D902,sub_8C10D902,233,136,97,4,0,3,0
0x8C10D912,sub_8C10D912,225,131,94,4,0,3,0
0x8C10D938,sub_8C10D938,206,118,88,4,0,3,0
0x8C10D94C,sub_8C10D94C,196,113,83,4,0,3,0
0x8C10D958,sub_8C10D94C+0xC,190,108,82,4,0,3,0
0x8C10D968,sub_8C10D968,182,102,80,4,0,3,0
0x8C10DA18,sub_8C10DA18,94,70,24,1,0,0,0
0x8C10DABC,sub_8C10DABC,12,6,6,1,0,0,0
0x8C10DADC,sub_8C10DADC,44,33,11,1,0,0,0
0x8C10DAF8,sub_8C10DAF8,30,20,10,1,0,0,0
0x8C10DB14,sub_8C10DB14,16,7,9,1,0,0,0
0x8C10DB30,sub_8C10DB30,2,1,1,1,0,0,0
0x8C10DB4C,sub_8C10DB4C,164,53,111,1,9,0,0
0x8C10DB62,sub_8C10DB62,169,61,108,1,8,0,0
0x8C10DBC4,sub_8C10DBC4,134,56,78,1,4,0,0
0x8C10DBCE,sub_8C10DBCE,189,109,80,1,11,0,0
0x8C10DBE0,sub_8C10DBE0,188,113,75,1,9,0,0
0x8C10DBEC,sub_8C10DBEC,182,110,72,1,8,0,0
0x8C10DC04,sub_8C10DC04,170,105,65,1,8,0,0
0x8C10DC18,sub_8C10DC18,160,101,59,1,8,0,0
0x8C10DC4A,sub_8C10DC4A,135,95,40,1,8,0,0
0x8C10DC56,sub_8C10DC56,129,93,36,1,8,0,0
0x8C10DC5E,sub_8C10DC5E,125,92,33,1,8,0,0
0x8C10DC78,sub_8C10DC78,112,87,25,1,8,0,0
0x8C10DC82,sub_8C10DC82,107,85,22,1,8,0,0
0x8C10DC8A,sub_8C10DC8A,103,83,20,1,8,0,0
0x8C10DC8C,sub_8C10DC8C,102,83,19,1,8,0,0
0x8C10DCA4,sub_8C10DCA4,90,76,14,1,8,0,0
0x8C10DCB8,sub_8C10DCB8,80,71,9,1,8,0,0
0x8C10DCBE,sub_8C10DCBE,77,69,8,1,8,0,0
0x8C10DCCE,sub_8C10DCCE,69,64,5,1,8,0,0
0x8C10DCD0,sub_8C10DCD0,68,63,5,1,8,0,0
0x8C10DCEC,sub_8C10DCEC,54,54,0,1,8,0,0
0x8C10DCF2,sub_8C10DCF2,51,51,0,1,8,0,0
0x8C10DCFC,sub_8C10DCFC,46,46,0,1,8,0,0
0x8C10DD08,sub_8C10DD08,40,40,0,1,8,0,0
0x8C10DD14,sub_8C10DD14,34,34,0,1,5,0,0
0x8C10DD30,sub_8C10DD30,158,150,8,7,2,7,0
0x8C10DD5A,sub_8C10DD5A,137,129,8,7,2,7,0
0x8C10DD6A,sub_8C10DD6A,129,121,8,7,2,7,0
0x8C10DD7E,sub_8C10DD7E,119,111,8,7,2,7,0
0x8C10DD86,sub_8C10DD86,115,107,8,7,2,7,0
0x8C10DD98,sub_8C10DD98,106,98,8,7,2,7,0
0x8C10DD9A,sub_8C10DD9A,105,97,8,7,2,7,0
0x8C10DDA6,sub_8C10DDA6,99,91,8,7,2,7,0
0x8C10DDAA,sub_8C10DDAA,97,89,8,7,2,7,0
0x8C10DDAC,sub_8C10DDAC,96,88,8,7,2,7,0
0x8C10DDAE,sub_8C10DDAE,95,87,8,7,2,7,0
0x8C10DDBA,sub_8C10DDBA,89,81,8,7,2,7,0
0x8C10DDC2,sub_8C10DDC2,85,77,8,7,2,7,0
0x8C10DDC8,sub_8C10DDC8,82,74,8,7,2,7,0
0x8C10DDD4,sub_8C10DDD4,76,68,8,7,2,7,0
0x8C10DDD6,sub_8C10DDD6,75,67,8,7,2,7,0
0x8C10DDDE,sub_8C10DDDE,71,63,8,7,2,7,0
0x8C10DDE8,sub_8C10DDE8,66,58,8,7,2,7,0
0x8C10DDF0,sub_8C10DDF0,62,54,8,7,2,7,0
0x8C10DDF2,sub_8C10DDF2,61,53,8,7,2,7,0
0x8C10DDFA,sub_8C10DDFA,57,49,8,7,2,7,0
0x8C10DE06,sub_8C10DE06,51,43,8,7,2,7,0
0x8C10DE12,sub_8C10DE12,45,37,8,7,2,7,0
0x8C10DE2A,sub_8C10DE2A,33,25,8,7,2,7,0
0x8C10DE98,sub_8C10DE98,81,73,8,26,6,26,0
0x8C10DE9E,sub_8C10DE9E,78,70,8,26,6,26,0
0x8C10DEA6,sub_8C10DEA6,74,67,7,25,6,25,0
0x8C10DEB2,sub_8C10DEB2,68,61,7,23,5,23,0
0x8C10DEB4,sub_8C10DEB4,67,60,7,22,5,22,0
0x8C10DEBC,sub_8C10DEBC,63,57,6,22,4,22,0
0x8C10DED0,sub_8C10DED0,53,47,6,18,4,18,0
0x8C10DED8,sub_8C10DED8,49,44,5,18,4,18,0
0x8C10DEF4,sub_8C10DEF4,35,31,4,14,4,14,0
0x8C10DEFC,sub_8C10DEFC,31,27,4,12,4,12,0
0x8C10DF06,sub_8C10DF06,26,22,4,11,3,11,0
0x8C10DF08,sub_8C10DF08,25,21,4,10,3,10,0
0x8C10DF10,sub_8C10DF10,21,19,2,9,3,9,0
0x8C10DF14,sub_8C10DF14,19,18,1,8,3,8,0
0x8C10DF16,sub_8C10DF16,18,17,1,8,3,8,0
0x8C10DF1A,sub_8C10DF1A,16,15,1,7,3,7,0
0x8C10DF20,sub_8C10DF20,13,12,1,5,3,5,0
0x8C10DF22,sub_8C10DF22,12,11,1,5,2,5,0
0x8C10DF24,sub_8C10DF24,11,10,1,4,2,4,0
0x8C10DF26,sub_8C10DF26,10,9,1,4,1,4,0
0x8C10DF2C,sub_8C10DF2C,7,7,0,3,1,3,0
0x8C10DF34,sub_8C10DF34,79,67,12,9,5,5,0
0x8C10DF40,sub_8C10DF40,73,62,11,8,5,4,0
0x8C10DF5C,sub_8C10DF5C,2,2,0,1,0,1,0
0x8C10DF88,sub_8C10DF88,70,57,13,13,1,13,0
0x8C10DFB0,sub_8C10DFB0,50,41,9,7,1,7,0
0x8C10DFB2,sub_8C10DFB2,49,40,9,7,1,7,0
0x8C10DFB6,sub_8C10DFB6,47,38,9,7,1,7,0
0x8C10DFCC,sub_8C10DFCC,36,28,8,6,1,6,0
0x8C10DFCE,sub_8C10DFCE,35,27,8,6,1,6,0
0x8C10DFD2,sub_8C10DFD2,33,26,7,6,1,6,0
0x8C10DFDE,sub_8C10DFDE,27,23,4,5,1,5,0
0x8C10DFE4,sub_8C10DFE4,24,20,4,5,1,5,0
0x8C10DFE6,sub_8C10DFE6,23,19,4,5,0,5,0
0x8C10DFEA,sub_8C10DFEA,21,18,3,5,0,5,0
0x8C10DFF0,sub_8C10DFF0,18,15,3,5,0,5,0
0x8C10E002,sub_8C10E002,9,7,2,3,0,3,0
0x8C10E00E,sub_8C10E002+0xC,3,2,1,1,0,1,0
0x8C10E010,sub_8C10E010,2,2,0,1,0,1,0
0x8C10E020,sub_8C10E020,8,7,1,3,0,3,0
0x8C10E02A,sub_8C10E02A,3,2,1,1,0,1,0
0x8C10E03C,sub_8C10E03C,910,379,531,70,11,63,0
0x8C10E04A,sub_8C10E04A,903,373,530,68,11,61,0
0x8C10E04E,sub_8C10E04E,901,371,530,67,11,60,0
0x8C10E058,sub_8C10E058,896,367,529,65,10,58,0
0x8C10E07A,sub_8C10E07A,879,352,527,58,9,51,0
0x8C10E090,sub_8C10E090,868,342,526,52,9,45,0
0x8C10E094,sub_8C10E094,866,340,526,51,8,44,0
0x8C10E098,sub_8C10E098,864,338,526,50,8,43,0
0x8C10E0AA,sub_8C10E0AA,855,330,525,46,7,39,0
0x8C10E0B0,sub_8C10E0B0,852,327,525,43,7,37,0
0x8C10E0CC,sub_8C10E0CC,838,315,523,40,7,34,0
0x8C10E110,sub_8C10E110,804,289,515,34,5,28,0
0x8C10E122,sub_8C10E122,795,281,514,32,4,26,0
0x8C10E126,sub_8C10E126,793,279,514,32,4,26,0
0x8C10E12C,sub_8C10E12C,790,278,512,32,4,26,0
0x8C10E130,sub_8C10E130,788,276,512,31,4,25,0
0x8C10E144,sub_8C10E144,778,267,511,31,3,25,0
0x8C10E14E,sub_8C10E14E,5,5,0,1,0,0,0
0x8C10E16A,sub_8C10E16A,497,226,271,68,17,55,0
0x8C10E174,sub_8C10E174,492,221,271,67,17,54,0
0x8C10E17C,sub_8C10E17C,488,217,271,66,16,53,0
0x8C10E198,sub_8C10E17C+0x1C,474,207,267,62,15,49,0
0x8C10E1CC,sub_8C10E1CC,450,185,265,54,11,41,0
0x8C10E1D6,sub_8C10E1D6,445,181,264,54,11,41,0
0x8C10E1DC,sub_8C10E1DC,443,179,264,52,10,39,0
0x8C10E1E8,sub_8C10E1E8,437,174,263,49,10,36,0
0x8C10E1F6,sub_8C10E1F6,430,169,261,47,9,34,0
0x8C10E21A,sub_8C10E21A,412,154,258,40,9,27,0
0x8C10E220,sub_8C10E220,409,152,257,39,9,26,0
0x8C10E268,sub_8C10E268,2,2,0,1,0,0,0
0x8C10E28E,sub_8C10E28E,51,40,11,12,3,12,0
0x8C10E2A8,sub_8C10E2A8,38,30,8,9,2,9,0
0x8C10E2AA,sub_8C10E2AA,37,30,7,9,2,9,0
0x8C10E2C4,sub_8C10E2C4,24,19,5,6,1,6,0
0x8C10E2CE,sub_8C10E2CE,19,15,4,5,0,5,0
0x8C10E2DE,sub_8C10E2DE,11,9,2,3,0,3,0
0x8C10E33A,sub_8C10E33A,432,163,269,45,11,27,0
0x8C10E348,sub_8C10E348,425,159,266,44,10,26,0
0x8C10E34E,sub_8C10E34E,136,108,28,22,7,22,0
0x8C10E352,sub_8C10E352,134,106,28,22,7,22,0
0x8C10E356,sub_8C10E356,132,104,28,21,7,21,0
0x8C10E36E,sub_8C10E36E,120,94,26,19,7,19,0
0x8C10E38C,sub_8C10E38C,119,92,27,17,6,17,0
0x8C10E396,sub_8C10E396,114,88,26,16,6,16,0
0x8C10E424,sub_8C10E424,118,76,42,13,5,13,0
0x8C10E430,sub_8C10E430,112,72,40,13,5,13,0
0x8C10E43C,sub_8C10E43C,106,66,40,12,4,12,0
0x8C10E448,sub_8C10E448,100,61,39,11,4,11,0
0x8C10E454,sub_8C10E454,94,56,38,10,3,10,0
0x8C10E460,sub_8C10E460,88,50,38,9,3,9,0
0x8C10E46C,sub_8C10E46C,82,48,34,8,3,8,0
0x8C10E478,sub_8C10E478,76,42,34,6,3,6,0
0x8C10E530,sub_8C10E530,54,22,32,4,0,3,0
0x8C10E5E0,sub_8C10E530+0xB0,250,74,176,26,1,21,0
0x8C10E61C,sub_8C10E61C,220,70,150,26,1,21,0
0x8C10E628,sub_8C10E628,214,68,146,24,1,19,0
0x8C10E634,sub_8C10E634,208,66,142,22,1,17,0
0x8C10E64C,sub_8C10E64C,196,65,131,22,1,17,0
0x8C10E66C,sub_8C10E66C,180,65,115,22,1,17,0
0x8C10E68C,sub_8C10E68C,164,65,99,22,1,17,0
0x8C10E6CC,sub_8C10E6CC,132,56,76,21,1,16,0
0x8C10E70E,sub_8C10E70E,99,41,58,19,1,14,0
0x8C10E82C,sub_8C10E82C,54,42,12,1,0,0,0
0x8C10E85E,sub_8C10E85E,29,19,10,1,0,0,0
0x8C10E8BC,sub_8C10E85E+0x5E,219,99,120,17,8,6,0
0x8C10E8C4,sub_8C10E8C4,215,96,119,17,8,6,0
0x8C10E92C,sub_8C10E92C,126,51,75,5,6,4,0
0x8C10E9CC,sub_8C10E9CC,46,13,33,4,1,3,0
0x8C10EBF4,sub_8C10EBF4,100,32,68,4,3,2,0
0x8C10ECCC,sub_8C10EBF4+0xD8,219,125,94,15,10,3,0
0x8C10ED74,sub_8C10ED74,52,43,9,6,5,2,0
0x8C10ED84,sub_8C10ED84,44,36,8,5,4,1,0
0x8C10ED94,sub_8C10ED94,38,30,8,5,3,1,0
0x8C10EDA4,sub_8C10EDA4,30,22,8,5,3,1,0
0x8C10EDB4,sub_8C10EDB4,22,15,7,4,2,0,0
0x8C10EDB8,sub_8C10EDB4+0x4,20,13,7,4,2,0,0
0x8C10EDC4,sub_8C10EDC4,14,6,8,2,2,0,0
0x8C10EE92,sub_8C10EE92,790,282,508,34,4,26,0
0x8C10F056,sub_8C10F056,31,16,15,1,3,0,0
0x8C10F088,sub_8C10F056+0x32,6,4,2,1,0,0,0
0x8C10F0EE,sub_8C10F056+0x98,89,39,50,4,3,2,0
0x8C10F180,sub_8C10F180,60,24,36,3,2,1,0
0x8C10F1D8,sub_8C10F180+0x58,16,9,7,3,1,1,0
0x8C10F514,sub_8C10F514,214,136,78,7,6,3,0
0x8C10F584,sub_8C10F584,158,100,58,5,5,1,0
0x8C10F5A4,sub_8C10F5A4,142,89,53,4,5,0,0
0x8C10F786,sub_8C10F786,5,4,1,1,0,0,0
0x8C10F810,sub_8C10F786+0x8A,80,52,28,9,3,2,0
0x8C10F874,sub_8C10F874,50,28,22,3,2,2,0
0x8C10FC6A,sub_8C10FC6A,7,3,4,1,2,0,0
0x8C10FC84,sub_8C10FC84,2,1,1,1,0,0,0
0x8C10FCC0,sub_8C10FCC0,240,72,168,2,1,0,0
0x8C10FCDA,sub_8C10FCDA,227,66,161,2,0,0,0
0x8C10FDC0,sub_8C10FDC0,200,62,138,14,2,11,0
0x8C10FDE2,sub_8C10FDE2,183,58,125,13,2,10,0
0x8C10FEA8,sub_8C10FDE2+0xC6,84,40,44,10,2,8,0
0x8C10FEB2,sub_8C10FEB2,79,35,44,10,2,8,0
0x8C10FECA,sub_8C10FECA,67,26,41,8,2,6,0
0x8C129AC4,sub_8C129AC4,1102,753,349,5,6,2,0
0x8C129AC8,sub_8C129AC8,1100,751,349,5,6,2,0
0x8C129ACC,sub_8C129ACC,1098,749,349,5,6,2,0
0x8C129AD0,sub_8C129AD0,1096,747,349,5,6,2,0
0x8C12B902,sub_8C12B902,183,107,76,2,2,2,0
0x8C12BD32,sub_8C12BD32,96,2,94,1,1,1,0
0x8C147A00,sub_8C147A00,24,24,0,7,5,4,0
0x8C147A30,sub_8C147A30,4,4,0,1,2,1,0
0x8C147A38,sub_8C147A38,4,4,0,1,2,1,0
0x8C147A40,sub_8C147A40,45,45,0,13,10,0,0
0x8C147BFA,sub_8C147BFA,14,14,0,2,2,1,0
0x8C147C2E,sub_8C147C2E,8,8,0,2,2,1,0
0x8C147C80,sub_8C147C80,8,8,0,2,2,1,0
0x8C147C90,sub_8C147C90,52,52,0,4,4,1,0
0x8C147CF8,sub_8C147CF8,12,12,0,2,2,1,0
0x8C147D3E,sub_8C147D3E,17,17,0,3,3,1,0
0x8C147D40,sub_8C147D40,16,16,0,3,3,1,0
0x8C147D60,sub_8C147D60,26,26,0,4,3,1,0
0x8C147E16,sub_8C147E16,8,8,0,2,1,1,0
0x8C147E26,sub_8C147E26,74,74,0,1,6,0,0
0x8C147EE0,sub_8C147EE0,18,18,0,2,3,1,0
0x8C147F42,sub_8C147F42,46,46,0,10,5,0,0
0x8C148220,sub_8C148220,19,19,0,4,4,0,0
0x8C148246,sub_8C148246,5,5,0,1,1,0,0
0x8C14830E,sub_8C14830E,335,335,0,46,39,9,0
0x8C1486A0,sub_8C1486A0,67,67,0,8,7,0,0
0x8C14875E,sub_8C14875E,63,63,0,6,9,1,0
0x8C1487DC,sub_8C1487DC,14,14,0,4,2,1,0
0x8C14881E,sub_8C14881E,163,163,0,16,22,7,0
0x8C148820,sub_8C148820,162,162,0,16,22,7,0
0x8C1489B2,sub_8C1489B2,27,27,0,7,4,1,0
0x8C148A1E,sub_8C148A1E,58,58,0,5,10,1,0
0x8C148A20,sub_8C148A20,57,57,0,5,10,1,0
0x8C148B00,sub_8C148B00,629,629,0,104,57,16,0
0x8C149110,sub_8C149110,105,105,0,25,11,0,0
0x8C149256,sub_8C149256,147,147,0,39,15,0,0
0x8C149400,sub_8C149400,194,194,0,36,27,5,0
0x8C149584,sub_8C149584,83,83,0,5,6,0,0
0x8C149678,sub_8C149678,279,279,0,38,17,0,0
0x8C149920,sub_8C149920,164,164,0,30,29,13,0
0x8C149AA0,sub_8C149AA0,6,6,0,1,1,0,0
0x8C149B20,sub_8C149B20,4,4,0,1,1,0,0
0x8C149B28,sub_8C149B28,3,3,0,1,1,0,0
0x8C149B2E,sub_8C149B2E,68,68,0,10,16,2,0
0x8C149C00,sub_8C149C00,12,12,0,1,1,0,0
0x8C149C18,sub_8C149C18,11,11,0,1,1,0,0
0x8C149C2E,sub_8C149C2E,20,20,0,3,4,1,0
0x8C149C56,sub_8C149C56,32,32,0,7,0,1,0
0x8C149C96,sub_8C149C96,42,42,0,9,1,2,0
0x8C149CEA,sub_8C149CEA,5,5,0,1,2,0,0
0x8C149D84,sub_8C149D84,40,40,0,7,0,4,0
0x8C149DD4,sub_8C149DD4,67,67,0,11,0,4,0
0x8C149E6E,sub_8C149E6E,44,44,0,10,3,3,0
0x8C149EC6,sub_8C149EC6,44,44,0,10,3,3,0
0x8C149F3C,sub_8C149F3C,19,19,0,1,0,0,0
0x8C149F62,sub_8C149F62,17,17,0,5,1,0,0
0x8C149F84,sub_8C149F84,5,5,0,1,1,0,0
0x8C149F8E,sub_8C149F8E,320,320,0,71,7,8,0
0x8C14A22C,sub_8C14A22C,31,31,0,5,3,2,0
0x8C14A26A,sub_8C14A26A,13,13,0,4,1,1,0
0x8C14A284,sub_8C14A284,25,25,0,7,2,1,0
0x8C14A2A4,sub_8C14A2A4,11,11,0,4,0,0,0
0x8C14A2BA,sub_8C14A2BA,368,368,0,69,28,20,0
0x8C14A5EC,sub_8C14A5EC,3,3,0,1,1,1,0
0x8C14A5F2,sub_8C14A5F2,130,130,0,14,8,4,0
0x8C14A706,sub_8C14A706,113,113,0,13,8,3,0
0x8C14A7FE,sub_8C14A7FE,49,49,0,9,9,3,0
0x8C14A860,sub_8C14A860,113,113,0,24,9,5,0
0x8C14A964,sub_8C14A964,2,2,0,1,0,0,0
0x8C14A968,sub_8C14A968,52,52,0,10,2,1,0
0x8C14A9E8,sub_8C14A9E8,37,37,0,4,4,1,0
0x8C14AA32,sub_8C14AA32,46,46,0,3,2,0,0
0x8C14AA8E,sub_8C14AA8E,60,60,0,16,4,5,0
0x8C14AB1A,sub_8C14AB1A,48,48,0,13,2,4,0
0x8C14AB1C,sub_8C14AB1C,47,47,0,13,2,4,0
0x8C14ABA6,sub_8C14ABA6,4,4,0,1,1,0,0
0x8C14ABAE,sub_8C14ABAE,4,4,0,1,1,0,0
0x8C14ABB6,sub_8C14ABB6,69,69,0,11,6,3,0
0x8C14AC4E,sub_8C14AC4E,20,20,0,4,1,1,0
0x8C14AD46,sub_8C14AD46,116,116,0,15,11,3,0
0x8C14AE54,sub_8C14AE54,105,105,0,13,11,3,0
0x8C14AF4C,sub_8C14AF4C,85,85,0,13,6,3,0
0x8C14B2EC,sub_8C14B2EC,14,14,0,2,2,1,0
0x8C14B394,sub_8C14B394,11,11,0,3,1,1,0
0x8C14B432,sub_8C14B432,11,11,0,3,1,1,0
0x8C14B460,sub_8C14B460,12,12,0,3,1,1,0
0x8C14B478,sub_8C14B478,12,12,0,3,1,1,0
0x8C14B548,sub_8C14B548,79,79,0,9,17,4,0
0x8C14B620,sub_8C14B620,83,83,0,9,17,4,0
0x8C14B6C6,sub_8C14B6C6,31,31,0,4,2,0,0
0x8C14B704,sub_8C14B704,143,143,0,34,20,0,0
0x8C14B898,sub_8C14B898,17,17,0,5,4,0,0
0x8C14B8BA,sub_8C14B8BA,40,40,0,11,2,3,0
0x8C14B90A,sub_8C14B90A,26,26,0,10,4,0,0
0x8C14B93E,sub_8C14B93E,112,112,0,22,7,7,0
0x8C14BA44,sub_8C14BA44,6,6,0,1,1,0,0
0x8C14BA66,sub_8C14BA66,37,37,0,7,8,3,0
0x8C14BA68,sub_8C14BA68,36,36,0,7,8,3,0
0x8C14BABA,sub_8C14BABA,5,5,0,1,1,1,0
0x8C14BC20,sub_8C14BC20,43,43,0,2,6,1,0
0x8C14BD2A,sub_8C14BD2A,36,36,0,8,5,3,0
0x8C14BD92,sub_8C14BD92,17,17,0,2,2,1,0
0x8C14BDC0,sub_8C14BDC0,114,114,0,21,18,2,0
0x8C14BEEE,sub_8C14BEEE,59,59,0,10,8,0,0
0x8C14BF68,sub_8C14BF68,15,15,0,1,1,0,0
0x8C14BF7C,sub_8C14BF7C,5,5,0,1,0,0,0
0x8C14BF86,sub_8C14BF86,36,36,0,8,5,3,0
0x8C14BFE2,sub_8C14BFE2,17,17,0,2,2,1,0
0x8C14C010,sub_8C14C010,114,114,0,21,18,2,0
0x8C14C13E,sub_8C14C13E,59,59,0,10,8,0,0
0x8C14C1B8,sub_8C14C1B8,15,15,0,1,1,0,0
0x8C14C1CC,sub_8C14C1CC,5,5,0,1,0,0,0
0x8C14C1D6,sub_8C14C1D6,36,36,0,8,5,3,0
0x8C14C232,sub_8C14C232,17,17,0,2,2,1,0
0x8C14C260,sub_8C14C260,114,114,0,21,18,2,0
0x8C14C38E,sub_8C14C38E,59,59,0,10,8,0,0
0x8C14C408,sub_8C14C408,15,15,0,1,1,0,0
0x8C14C41C,sub_8C14C41C,5,5,0,1,0,0,0
0x8C14C464,sub_8C14C464,18,18,0,2,2,1,0
0x8C14C490,sub_8C14C490,58,58,0,10,7,0,0
0x8C14C592,sub_8C14C592,41,41,0,3,7,2,0
0x8C14C5DA,sub_8C14C5DA,10,10,0,4,2,0,0
0x8C14C5EE,sub_8C14C5EE,2,2,0,1,0,0,0
0x8C14C66C,sub_8C14C66C,5,5,0,1,1,1,0
0x8C14C676,sub_8C14C676,74,74,0,9,4,0,0
0x8C14C73A,sub_8C14C73A,5,5,0,1,1,1,0
0x8C14C744,sub_8C14C744,77,77,0,16,4,0,0
0x8C14C7FC,sub_8C14C7FC,186,186,0,36,9,3,0
0x8C14C804,sub_8C14C804,182,182,0,36,9,3,0
0x8C14C9A2,sub_8C14C9A2,74,74,0,9,3,1,0
0x8C14C9A4,sub_8C14C9A4,73,73,0,9,3,1,0
0x8C14CA38,sub_8C14CA38,21,21,0,4,6,3,0
0x8C14CA62,sub_8C14CA62,7,7,0,1,3,1,0
0x8C14CA70,sub_8C14CA70,21,21,0,7,5,2,0
0x8C14CA9A,sub_8C14CA9A,38,38,0,8,4,5,0
0x8C14CB90,sub_8C14CB90,64,64,0,5,4,1,0
0x8C14CC24,sub_8C14CC24,165,165,0,37,13,11,0
0x8C14CD86,sub_8C14CD86,59,59,0,14,0,1,0
0x8C14CDFC,sub_8C14CDFC,70,70,0,21,0,2,0
0x8C14CE88,sub_8C14CE88,37,37,0,4,3,1,0
0x8C14CF46,sub_8C14CF46,30,30,0,5,2,2,0
0x8C14CF82,sub_8C14CF82,36,36,0,8,7,4,0
0x8C14D048,sub_8C14D048,21,21,0,5,8,5,0
0x8C14D072,sub_8C14D072,10,10,0,3,3,3,0
0x8C14D086,sub_8C14D086,33,33,0,4,4,3,0
0x8C14D0C8,sub_8C14D0C8,8,8,0,1,2,1,0
0x8C14D0D8,sub_8C14D0D8,13,13,0,3,4,0,0
0x8C14D0F2,sub_8C14D0F2,23,23,0,4,6,0,0
0x8C14D180,sub_8C14D180,51,51,0,9,3,3,0
0x8C14D1E6,sub_8C14D1E6,37,37,0,7,1,2,0
0x8C14D230,sub_8C14D230,47,47,0,11,3,2,0
0x8C14D2A4,sub_8C14D2A4,21,21,0,8,4,4,0
0x8C14D2E0,sub_8C14D2E0,29,29,0,12,2,2,0
0x8C14D31A,sub_8C14D31A,35,35,0,11,1,2,0
0x8C14D36C,sub_8C14D36C,9,9,0,3,1,0,0
0x8C14D37E,sub_8C14D37E,5,5,0,1,1,0,0
0x8C14D388,sub_8C14D388,27,27,0,7,4,1,0
0x8C14D3BE,sub_8C14D3BE,39,39,0,10,3,1,0
0x8C14D436,sub_8C14D436,3,3,0,1,0,0,0
0x8C14D43C,sub_8C14D43C,47,47,0,13,3,3,0
0x8C14D49A,sub_8C14D49A,21,21,0,5,0,1,0
0x8C14D4EE,sub_8C14D4EE,35,35,0,10,3,4,0
0x8C14D534,sub_8C14D534,13,13,0,4,2,2,0
0x8C14D570,sub_8C14D570,34,34,0,6,0,0,0
0x8C14D5B4,sub_8C14D5B4,27,27,0,5,9,3,0
0x8C14D620,sub_8C14D620,19,19,0,4,2,1,0
0x8C14D646,sub_8C14D646,90,90,0,12,2,2,0
0x8C14D6FA,sub_8C14D6FA,121,121,0,26,4,2,0
0x8C14DA9C,sub_8C14DA9C,138,138,0,43,16,13,0
0x8C14DBB0,sub_8C14DBB0,62,62,0,13,18,7,0
0x8C14DC2C,sub_8C14DC2C,52,52,0,18,6,0,0
0x8C14DCDA,sub_8C14DCDA,26,26,0,1,4,0,0
0x8C14DD0E,sub_8C14DD0E,61,61,0,9,6,3,0
0x8C14DDB0,sub_8C14DDB0,43,43,0,2,3,1,0
0x8C14DE06,sub_8C14DE06,48,48,0,2,5,1,0
0x8C14DE74,sub_8C14DE74,5,5,0,1,1,1,0
0x8C14DE8A,sub_8C14DE8A,48,48,0,13,15,11,0
0x8C14DEF2,sub_8C14DEF2,35,35,0,10,9,8,0
0x8C14DFA0,sub_8C14DFA0,19,19,0,4,4,2,0
0x8C14E02A,sub_8C14E02A,74,74,0,12,8,9,0
0x8C14E0BE,sub_8C14E0BE,8,8,0,1,2,1,0
0x8C14E10E,sub_8C14E10E,22,22,0,4,3,3,0
0x8C14E110,sub_8C14E110,21,21,0,4,3,3,0
0x8C14E15A,sub_8C14E15A,73,73,0,14,13,9,0
0x8C14E15C,sub_8C14E15C,72,72,0,14,13,9,0
0x8C14E1EC,sub_8C14E1EC,38,38,0,10,9,7,0
0x8C14E3C8,sub_8C14E3C8,217,217,0,26,12,7,0
0x8C14E59A,sub_8C14E59A,132,132,0,29,12,13,0
0x8C14E6F0,sub_8C14E6F0,59,59,0,7,4,3,0
0x8C14E77C,sub_8C14E77C,31,31,0,5,3,4,0
0x8C14E836,sub_8C14E836,59,59,0,14,7,9,0
0x8C14E8E4,sub_8C14E8E4,25,25,0,5,2,2,0
0x8C14E916,sub_8C14E916,2,2,0,1,0,0,0
0x8C14E936,sub_8C14E936,57,57,0,12,6,5,0
0x8C14E9A8,sub_8C14E9A8,167,167,0,22,15,7,0
0x8C14EB7E,sub_8C14EB7E,15,15,0,3,1,1,0
0x8C14EBBA,sub_8C14EBBA,15,15,0,3,1,1,0
0x8C14EC14,sub_8C14EC14,19,19,0,3,3,2,0
0x8C14EC46,sub_8C14EC46,9,9,0,1,1,1,0
0x8C14ECCC,sub_8C14ECCC,3,3,0,1,0,0,0
0x8C14EDB2,sub_8C14EDB2,3,3,0,1,0,0,0
0x8C14EDC8,sub_8C14EDC8,53,53,0,10,15,6,0
0x8C14EE52,sub_8C14EE52,3,3,0,1,0,0,0
0x8C14EE68,sub_8C14EE68,87,87,0,14,11,6,0
0x8C14EFB6,sub_8C14EFB6,3,3,0,1,1,1,0
0x8C14F248,sub_8C14F248,37,37,0,5,14,4,0
0x8C14F292,sub_8C14F292,40,40,0,6,15,5,0
0x8C14F318,sub_8C14F318,46,46,0,6,5,0,0
0x8C14F37E,sub_8C14F37E,25,25,0,8,5,2,0
0x8C14F7A8,sub_8C14F7A8,90,90,0,18,13,7,0
0x8C14F85C,sub_8C14F85C,14,14,0,2,4,1,0
0x8C14F8AC,sub_8C14F8AC,152,152,0,32,19,10,0
0x8C14FBC2,sub_8C14FBC2,19,19,0,5,2,0,0
0x8C14FBE8,sub_8C14FBE8,27,27,0,4,1,1,0
0x8C14FC34,sub_8C14FC34,57,57,0,14,7,5,0
0x8C14FCA6,sub_8C14FCA6,88,88,0,20,11,9,0
0x8C14FD82,sub_8C14FD82,48,48,0,11,2,7,0
0x8C14FDE2,sub_8C14FDE2,51,51,0,5,1,2,0
0x8C14FE5E,sub_8C14FE5E,49,49,0,11,2,7,0
0x8C14FE60,sub_8C14FE60,48,48,0,11,2,7,0
0x8C14FEC0,sub_8C14FEC0,38,38,0,10,3,3,0
0x8C14FF0C,sub_8C14FF0C,40,40,0,10,3,6,0
0x8C14FF74,sub_8C14FF74,24,24,0,5,2,1,0
0x8C14FFA4,sub_8C14FFA4,74,74,0,17,9,7,0
0x8C1500D2,sub_8C1500D2,118,118,0,33,11,12,0
0x8C1501BE,sub_8C1501BE,75,75,0,18,8,9,0
0x8C150254,sub_8C150254,34,34,0,7,2,3,0
0x8C1502D6,sub_8C1502D6,25,25,0,6,4,3,0
0x8C1502D8,sub_8C1502D8,24,24,0,6,4,3,0
0x8C150308,sub_8C150308,74,74,0,21,5,4,0
0x8C1503DC,sub_8C1503DC,14,14,0,4,2,1,0
0x8C150460,sub_8C150460,14,14,0,4,2,1,0
0x8C15047C,sub_8C15047C,33,33,0,10,6,2,0
0x8C1504E2,sub_8C1504E2,101,101,0,17,2,3,0
0x8C1505AC,sub_8C1505AC,106,106,0,17,2,3,0
0x8C1506C0,sub_8C1506C0,21,21,0,5,4,0,0
0x8C1506EA,sub_8C1506EA,15,15,0,6,3,0,0
0x8C150708,sub_8C150708,10,10,0,3,2,0,0
0x8C15071C,sub_8C15071C,26,26,0,6,5,0,0
0x8C150750,sub_8C150750,14,14,0,3,2,0,0
0x8C15076C,sub_8C15076C,48,48,0,1,20,0,0
0x8C150860,sub_8C150860,130,130,0,3,6,2,0
0x8C150964,sub_8C150964,223,223,0,3,7,2,0
0x8C150B5E,sub_8C150B5E,179,179,0,3,7,2,0
0x8C150B60,sub_8C150B60,178,178,0,3,7,2,0
0x8C150CC4,sub_8C150CC4,184,184,0,9,11,8,0
0x8C150E5E,sub_8C150E5E,175,175,0,9,11,8,0
0x8C150E60,sub_8C150E60,174,174,0,9,11,8,0
0x8C150FDE,sub_8C150FDE,359,359,0,9,11,8,0
0x8C150FE0,sub_8C150FE0,358,358,0,9,11,8,0
0x8C1512DE,sub_8C1512DE,349,349,0,9,11,8,0
0x8C1512E0,sub_8C1512E0,348,348,0,9,11,8,0
0x8C1515BE,sub_8C1515BE,304,304,0,9,16,8,0
0x8C1515C0,sub_8C1515C0,303,303,0,9,16,8,0
0x8C151860,sub_8C151860,275,275,0,9,19,8,0
0x8C151AE0,sub_8C151AE0,132,132,0,3,8,2,0
0x8C151BE8,sub_8C151BE8,180,180,0,3,9,2,0
0x8C151DA0,sub_8C151DA0,192,192,0,9,19,8,0
0x8C151F20,sub_8C151F20,182,182,0,9,19,8,0
0x8C1520E0,sub_8C1520E0,285,285,0,9,19,8,0
0x8C152360,sub_8C152360,275,275,0,9,19,8,0
0x8C152586,sub_8C152586,2,2,0,1,0,0,0
0x8C15258A,sub_8C15258A,2,2,0,1,0,0,0
0x8C15258E,sub_8C15258E,2,2,0,1,0,0,0
0x8C1525E0,sub_8C1525E0,49,49,0,3,17,0,0
0x8C152642,sub_8C152642,44,44,0,5,10,0,0
0x8C152700,sub_8C152700,206,206,0,20,27,0,0
0x8C152920,sub_8C152920,123,123,0,9,17,0,0
0x8C152A58,sub_8C152A58,46,46,0,9,3,0,0
0x8C152AE0,sub_8C152AE0,11,11,0,4,0,1,0
0x8C152B80,sub_8C152B80,80,80,0,18,10,5,0
0x8C152C3E,sub_8C152C3E,160,160,0,25,35,11,0
0x8C152C40,sub_8C152C40,159,159,0,25,35,11,0
0x8C152E20,sub_8C152E20,87,87,0,21,8,4,0
0x8C152FA0,sub_8C152FA0,54,54,0,11,4,3,0
0x8C153040,sub_8C153040,42,42,0,10,3,3,0
0x8C153212,sub_8C153212,137,137,0,31,10,7,0
0x8C15335A,sub_8C15335A,72,72,0,20,8,6,0
0x8C153420,sub_8C153420,24,24,0,7,2,4,0
0x8C153450,sub_8C153450,113,113,0,26,6,4,0
0x8C153560,sub_8C153560,207,207,0,53,19,0,0
0x8C153786,sub_8C153786,68,68,0,19,1,0,0
0x8C153E52,sub_8C153E52,169,169,0,33,5,4,0
0x8C15402A,sub_8C15402A,142,142,0,28,1,4,0
0x8C15416C,sub_8C15416C,210,210,0,46,8,6,0
0x8C154440,sub_8C154440,30,30,0,9,2,0,0
0x8C15447C,sub_8C15447C,135,135,0,24,2,4,0
0x8C1545C0,sub_8C1545C0,22,22,0,5,2,0,0
0x8C1545EC,sub_8C1545EC,19,19,0,5,3,0,0
0x8C154612,sub_8C154612,18,18,0,4,0,0,0
0x8C154636,sub_8C154636,14,14,0,4,0,0,0
0x8C154652,sub_8C154652,24,24,0,7,0,0,0
0x8C154A72,sub_8C154A72,314,314,0,69,9,11,0
0x8C154DC0,sub_8C154DC0,105,105,0,22,22,1,0
0x8C154EE8,sub_8C154EE8,22,22,0,5,2,0,0
0x8C154F40,sub_8C154F40,19,19,0,5,3,0,0
0x8C154F66,sub_8C154F66,9,9,0,4,0,0,0
0x8C154F78,sub_8C154F78,24,24,0,9,0,0,0
0x8C15513E,sub_8C15513E,17,17,0,5,2,0,0
0x8C155160,sub_8C155160,32,32,0,8,4,0,0
0x8C1551C0,sub_8C1551C0,15,15,0,4,1,3,0
0x8C1551E2,sub_8C1551E2,236,236,0,66,60,29,0
0x8C155500,sub_8C155500,42,42,0,7,10,4,0
0x8C155580,sub_8C155580,22,22,0,7,4,2,0
0x8C1555E4,sub_8C1555E4,281,281,0,21,77,15,0
0x8C1558E2,sub_8C1558E2,53,53,0,8,17,7,0
0x8C15594C,sub_8C15594C,3,3,0,1,1,1,0
0x8C155A48,sub_8C155A48,5,5,0,1,1,1,0
0x8C155A80,sub_8C155A80,23,23,0,7,0,0,0
0x8C155A9E,sub_8C155A9E,8,8,0,3,0,0,0
0x8C155AAE,sub_8C155AAE,3,3,0,1,0,0,0
0x8C155AB4,sub_8C155AB4,49,49,0,2,0,1,0
0x8C155B20,sub_8C155B20,44,44,0,1,12,0,0
0x8C155B78,sub_8C155B78,66,66,0,26,18,0,0
0x8C155C82,sub_8C155C82,42,42,0,4,4,1,0
0x8C155CFE,sub_8C155CFE,14,14,0,2,1,1,0
0x8C155D1A,sub_8C155D1A,17,17,0,3,2,2,0
0x8C155D3C,sub_8C155D3C,21,21,0,3,2,2,0
0x8C155D9E,sub_8C155D9E,77,77,0,19,13,1,0
0x8C155DA0,sub_8C155DA0,76,76,0,19,13,1,0
0x8C155FB2,sub_8C155FB2,14,14,0,2,1,1,0
0x8C156022,sub_8C156022,14,14,0,2,1,1,0
0x8C15603E,sub_8C15603E,13,13,0,2,1,1,0
0x8C156058,sub_8C156058,13,13,0,2,1,1,0
0x8C156072,sub_8C156072,2,2,0,1,0,0,0
0x8C156076,sub_8C156076,2,2,0,1,0,0,0
0x8C15607A,sub_8C15607A,2,2,0,1,0,0,0
0x8C1560A0,sub_8C1560A0,2,2,0,1,0,0,0
0x8C1560A4,sub_8C1560A4,2,2,0,1,0,0,0
0x8C1560A8,sub_8C1560A8,2,2,0,1,0,0,0
0x8C1560AC,sub_8C1560AC,2,2,0,1,0,0,0
0x8C1560B0,sub_8C1560B0,2,2,0,1,0,0,0
0x8C1560B4,sub_8C1560B4,31,31,0,13,5,1,0
0x8C1560F2,sub_8C1560F2,3,3,0,1,0,0,0
0x8C156120,sub_8C156120,46,46,0,10,13,9,0
0x8C15618C,sub_8C15618C,28,28,0,7,6,3,0
0x8C15621C,sub_8C15621C,225,225,0,56,36,10,0
0x8C156700,sub_8C156700,46,46,0,9,12,6,0
0x8C156960,sub_8C156960,164,164,0,22,17,5,0
0x8C156B40,sub_8C156B40,142,142,0,23,25,0,0
0x8C156D00,sub_8C156D00,2,2,0,1,0,0,0
0x8C156D04,sub_8C156D04,5,5,0,1,1,0,0
0x8C156D0E,sub_8C156D0E,20,20,0,4,1,1,0
0x8C156D36,sub_8C156D36,3,3,0,1,1,0,0
0x8C156D3C,sub_8C156D3C,11,11,0,2,2,1,0
0x8C156D9E,sub_8C156D9E,94,94,0,17,12,5,0
0x8C156DA0,sub_8C156DA0,93,93,0,17,12,5,0
0x8C156F00,sub_8C156F00,38,38,0,1,8,0,0
0x8C156F80,sub_8C156F80,6,6,0,1,2,0,0
0x8C156F8C,sub_8C156F8C,169,169,0,8,13,0,0
0x8C1573E0,sub_8C1573E0,43,43,0,4,9,1,0
0x8C157436,sub_8C157436,142,142,0,28,29,11,0
0x8C15761E,sub_8C15761E,90,90,0,13,11,2,0
0x8C157620,sub_8C157620,89,89,0,13,11,2,0
0x8C157720,sub_8C157720,267,267,0,40,69,16,0
0x8C157A5E,sub_8C157A5E,132,132,0,25,24,18,0
0x8C157A60,sub_8C157A60,131,131,0,25,24,18,0
0x8C157BC8,sub_8C157BC8,36,36,0,11,5,0,0
0x8C157C3A,sub_8C157C3A,2,2,0,1,0,0,0
0x8C157C60,sub_8C157C60,631,631,0,85,59,15,0
0x8C158280,sub_8C158280,578,578,0,90,142,35,0
0x8C158DCC,sub_8C158DCC,34,34,0,11,3,4,0
0x8C158E3E,sub_8C158E3E,90,90,0,21,7,10,0
0x8C15901A,sub_8C15901A,49,49,0,14,1,3,0
0x8C159448,sub_8C159448,18,18,0,5,2,2,0
0x8C1594A0,sub_8C1594A0,28,28,0,2,1,1,0
0x8C1595E8,sub_8C1595E8,248,248,0,84,50,1,0
0x8C1598C0,sub_8C1598C0,55,55,0,25,4,0,0
0x8C159966,sub_8C159966,31,31,0,12,0,4,0
0x8C1599C0,sub_8C1599C0,42,42,0,13,0,0,0
0x8C159A14,sub_8C159A14,47,47,0,14,1,0,0
0x8C159A72,sub_8C159A72,53,53,0,17,2,0,0
0x8C159AFC,sub_8C159AFC,66,66,0,13,2,1,0
0x8C159B80,sub_8C159B80,21,21,0,2,2,2,0
0x8C159BFE,sub_8C159BFE,49,49,0,6,7,3,0
0x8C159C00,sub_8C159C00,48,48,0,6,7,3,0
0x8C15A240,sub_8C15A240,39,39,0,17,4,0,0
0x8C15A540,sub_8C15A540,644,644,0,134,99,2,2
0x8C15A6C4,sub_8C15A6C4,477,477,0,101,73,2,1
0x8C15A6D0,sub_8C15A6D0,476,476,0,100,73,2,1
0x8C15A6DE,sub_8C15A6DE,474,474,0,101,72,2,1
0x8C15A6E4,sub_8C15A6E4,474,474,0,101,72,2,1
0x8C15A6EA,sub_8C15A6EA,474,474,0,101,72,2,1
0x8C15A6F0,sub_8C15A6F0,474,474,0,101,72,2,1
0x8C15A6F6,sub_8C15A6F6,474,474,0,101,72,2,1
0x8C15A6FC,sub_8C15A6FC,474,474,0,101,72,2,1
0x8C15A760,sub_8C15A760,470,470,0,99,71,2,1
0x8C15A762,sub_8C15A762,469,469,0,99,71,2,1
0x8C15A7A0,sub_8C15A7A0,423,423,0,86,62,2,0
0x8C15A7AE,sub_8C15A7AE,422,422,0,85,62,2,0
0x8C15A7BE,sub_8C15A7BE,419,419,0,86,61,2,0
0x8C15A7C4,sub_8C15A7C4,419,419,0,86,61,2,0
0x8C15A7CA,sub_8C15A7CA,419,419,0,86,61,2,0
0x8C15A7D0,sub_8C15A7D0,419,419,0,86,61,2,0
0x8C15A7D6,sub_8C15A7D6,419,419,0,86,61,2,0
0x8C15A7DC,sub_8C15A7DC,417,417,0,85,61,2,0
0x8C15A7E2,sub_8C15A7E2,417,417,0,85,60,2,0
0x8C15A7E8,sub_8C15A7E8,415,415,0,84,60,2,0
0x8C15A7EA,sub_8C15A7EA,414,414,0,84,60,2,0
0x8C15AD00,sub_8C15AD00,315,315,0,22,13,0,0
0x8C15B25C,sub_8C15B25C,21,21,0,5,2,1,0
0x8C15BA40,sub_8C15BA40,30,30,0,1,3,0,0
0x8C15BA7C,sub_8C15BA7C,93,93,0,11,21,7,0
0x8C15BB82,sub_8C15BB82,51,51,0,1,8,0,0
0x8C15BBE8,sub_8C15BBE8,18,18,0,2,3,1,0
0x8C15BC5E,sub_8C15BC5E,648,648,0,73,112,13,0
0x8C15BC60,sub_8C15BC60,647,647,0,73,112,13,0
0x8C15C340,sub_8C15C340,35,35,0,4,9,3,0
0x8C15C386,sub_8C15C386,252,252,0,21,37,3,0
0x8C15C680,sub_8C15C680,29,29,0,4,2,0,0
0x8C15C6BA,sub_8C15C6BA,23,23,0,4,0,1,0
0x8C15C6E8,sub_8C15C6E8,13,13,0,1,1,0,0
0x8C15C702,sub_8C15C702,27,27,0,4,0,3,0
0x8C15C738,sub_8C15C738,137,137,0,25,0,7,0
0x8C15C858,sub_8C15C858,7,7,0,2,1,1,0
0x8C15C866,sub_8C15C866,64,64,0,15,5,3,0
0x8C15C8E6,sub_8C15C8E6,14,14,0,2,1,1,0
0x8C15C902,sub_8C15C902,44,44,0,9,3,3,0
0x8C15C95A,sub_8C15C95A,97,97,0,40,1,1,0
0x8C15CA1C,sub_8C15CA1C,3,3,0,1,1,1,0
0x8C15CA22,sub_8C15CA22,15,15,0,2,1,1,0
0x8C15CA64,sub_8C15CA64,8,8,0,2,1,1,0
0x8C15CA74,sub_8C15CA74,14,14,0,4,1,1,0
0x8C15CA90,sub_8C15CA90,7,7,0,2,1,1,0
0x8C15CA9E,sub_8C15CA9E,17,17,0,2,1,1,0
0x8C15CAC0,sub_8C15CAC0,17,17,0,2,1,1,0
0x8C15CAE2,sub_8C15CAE2,8,8,0,2,1,1,0
0x8C15CAF2,sub_8C15CAF2,15,15,0,2,1,1,0
0x8C15CB10,sub_8C15CB10,14,14,0,2,1,1,0
0x8C15CB2C,sub_8C15CB2C,17,17,0,2,1,1,0
0x8C15CB4E,sub_8C15CB4E,7,7,0,2,1,1,0
0x8C15CB5C,sub_8C15CB5C,3,3,0,1,1,1,0
0x8C15CB62,sub_8C15CB62,16,16,0,2,1,1,0
0x8C15CB82,sub_8C15CB82,15,15,0,2,1,1,0
0x8C15CBA0,sub_8C15CBA0,3,3,0,1,1,0,0
0x8C15CBC0,sub_8C15CBC0,10,10,0,4,0,0,0
0x8C15CBD4,sub_8C15CBD4,12,12,0,3,0,0,0
0x8C15CBEC,sub_8C15CBEC,38,38,0,11,0,2,0
0x8C15CC38,sub_8C15CC38,17,17,0,6,0,0,0
0x8C15CC5A,sub_8C15CC5A,29,29,0,9,0,2,0
0x8C15CC94,sub_8C15CC94,19,19,0,8,0,0,0
0x8C15CCBA,sub_8C15CCBA,19,19,0,5,1,1,0
0x8C15CCE0,sub_8C15CCE0,75,75,0,15,0,4,0
0x8C15CD76,sub_8C15CD76,99,99,0,24,2,2,0
0x8C15CE46,sub_8C15CE46,56,56,0,13,0,3,0
0x8C15CEB6,sub_8C15CEB6,128,128,0,23,5,6,0
0x8C15CFB6,sub_8C15CFB6,159,159,0,34,5,6,0
0x8C15D110,sub_8C15D110,73,73,0,24,3,6,0
0x8C15D1A2,sub_8C15D1A2,39,39,0,4,1,0,0
0x8C15D1F0,sub_8C15D1F0,6,6,0,1,0,0,0
0x8C15D212,sub_8C15D212,29,29,0,8,0,1,0
0x8C15D214,sub_8C15D214,28,28,0,8,0,1,0
0x8C15D33E,sub_8C15D33E,71,71,0,23,2,3,0
0x8C15D3CC,sub_8C15D3CC,105,105,0,18,2,2,0
0x8C15D4A4,sub_8C15D4A4,116,116,0,21,2,2,0
0x8C15D7C4,sub_8C15D7C4,12,12,0,4,0,0,0
0x8C15D7F2,sub_8C15D7F2,150,150,0,34,7,9,0
0x8C15D9F4,sub_8C15D9F4,40,40,0,5,6,0,0
0x8C15DA44,sub_8C15DA44,195,195,0,31,19,2,0
0x8C15DBF2,sub_8C15DBF2,18,18,0,5,1,1,0
0x8C15DC16,sub_8C15DC16,19,19,0,5,2,1,0
0x8C15DC60,sub_8C15DC60,19,19,0,5,2,1,0
0x8C15DC62,sub_8C15DC62,18,18,0,5,2,1,0
0x8C15DC86,sub_8C15DC86,85,85,0,17,8,2,0
0x8C15DD4A,sub_8C15DD4A,60,60,0,7,3,0,0
0x8C15DD4C,sub_8C15DD4C,157,157,0,23,16,2,0
0x8C15DED8,sub_8C15DED8,181,181,0,32,36,0,0
0x8C15E0B0,sub_8C15E0B0,87,87,0,12,13,3,0
0x8C15E15E,sub_8C15E15E,35,35,0,8,4,3,0
0x8C15E260,sub_8C15E260,64,64,0,3,5,1,0
0x8C15E2EC,sub_8C15E2EC,37,37,0,4,3,0,0
0x8C15E33C,sub_8C15E33C,135,135,0,4,4,0,0
0x8C15E454,sub_8C15E454,68,68,0,7,5,0,0
0x8C15E4EC,sub_8C15E4EC,43,43,0,1,4,0,0
0x8C15E54C,sub_8C15E54C,94,94,0,9,11,2,0
0x8C15E628,sub_8C15E628,159,159,0,37,13,4,0
0x8C15E794,sub_8C15E794,219,219,0,12,28,8,0
0x8C15E99C,sub_8C15E99C,241,241,0,50,15,9,0
0x8C15EBB0,sub_8C15EBB0,19,19,0,1,4,0,0
0x8C15EBD6,sub_8C15EBD6,5,5,0,1,1,0,0
0x8C15EBE0,sub_8C15EBE0,3,3,0,1,0,0,0
0x8C15EF5C,sub_8C15EF5C,32,32,0,5,7,2,0
0x8C15EF9C,sub_8C15EF9C,52,52,0,10,6,3,0
0x8C15F03C,sub_8C15F03C,57,57,0,4,11,1,0
0x8C15F0AE,sub_8C15F0AE,4,4,0,1,2,0,0
0x8C15F0B6,sub_8C15F0B6,17,17,0,1,4,0,0
0x8C15F0D8,sub_8C15F0D8,33,33,0,3,2,0,0
0x8C15F154,sub_8C15F154,88,88,0,9,31,8,0
0x8C15F204,sub_8C15F204,45,45,0,4,7,3,0
0x8C15F2E0,sub_8C15F2E0,47,47,0,4,6,3,0
0x8C15F33E,sub_8C15F33E,203,203,0,36,26,12,0
0x8C15F52A,sub_8C15F52A,84,84,0,14,5,2,0
0x8C15F5F8,sub_8C15F5F8,183,183,0,31,27,12,0
0x8C15F7B2,sub_8C15F7B2,51,51,0,7,10,6,0
0x8C15F818,sub_8C15F818,9,9,0,1,1,0,0
0x8C15F82A,sub_8C15F82A,7,7,0,2,1,1,0
0x8C15F846,sub_8C15F846,3,3,0,1,1,1,0
0x8C15F93E,sub_8C15F93E,19,19,0,4,3,2,0
0x8C15F984,sub_8C15F984,22,22,0,4,3,2,0
0x8C15F9B0,sub_8C15F9B0,26,26,0,4,3,2,0
0x8C15F9E4,sub_8C15F9E4,22,22,0,4,3,2,0
0x8C15FA5C,sub_8C15FA5C,19,19,0,4,3,2,0
0x8C15FAF2,sub_8C15FAF2,3,3,0,1,1,1,0
0x8C15FAF8,sub_8C15FAF8,3,3,0,1,1,1,0
0x8C15FAFE,sub_8C15FAFE,24,24,0,7,1,0,0
0x8C15FB2E,sub_8C15FB2E,37,37,0,4,0,1,0
0x8C15FB78,sub_8C15FB78,50,50,0,4,0,1,0
0x8C15FC46,sub_8C15FC46,54,54,0,4,0,1,0
0x8C15FE16,sub_8C15FE16,55,55,0,22,10,10,0
0x8C15FEAA,sub_8C15FEAA,8,8,0,3,1,0,0
0x8C1604B0,sub_8C1604B0,23,23,0,9,2,0,0
0x8C1604E2,sub_8C1604E2,22,22,0,9,0,0,0
0x8C16050E,sub_8C16050E,21,21,0,9,1,0,0
0x8C16053A,sub_8C16053A,17,17,0,7,2,0,0
0x8C160560,sub_8C160560,9,9,0,2,0,1,0
0x8C160572,sub_8C160572,6,6,0,1,2,0,0
0x8C160584,sub_8C160584,6,6,0,1,2,1,0
0x8C160598,sub_8C160598,6,6,0,1,2,1,0
0x8C1605AC,sub_8C1605AC,6,6,0,1,2,1,0
0x8C1605C0,sub_8C1605C0,6,6,0,1,2,1,0
0x8C1605D4,sub_8C1605D4,6,6,0,1,2,1,0
0x8C1605E8,sub_8C1605E8,6,6,0,1,2,1,0
0x8C1605FC,sub_8C1605FC,6,6,0,1,2,1,0
0x8C160610,sub_8C160610,6,6,0,1,2,1,0
0x8C160624,sub_8C160624,6,6,0,1,2,1,0
0x8C160638,sub_8C160638,6,6,0,1,2,1,0
0x8C160688,sub_8C160688,5,5,0,1,2,1,0
0x8C1606B0,sub_8C1606B0,5,5,0,1,2,1,0
0x8C1606C4,sub_8C1606C4,14,14,0,5,0,0,0
0x8C1606E0,sub_8C1606E0,14,14,0,6,0,0,0
0x8C1606FC,sub_8C1606FC,10,10,0,4,0,0,0
0x8C160710,sub_8C160710,10,10,0,3,0,0,0
0x8C160724,sub_8C160724,28,28,0,7,0,0,0
0x8C16075C,sub_8C16075C,39,39,0,15,0,0,0
0x8C1607AA,sub_8C1607AA,40,40,0,11,2,1,0
0x8C1607FA,sub_8C1607FA,109,109,0,19,3,6,0
0x8C1608E0,sub_8C1608E0,94,94,0,18,2,5,0
0x8C16099C,sub_8C16099C,100,100,0,15,3,6,0
0x8C160A64,sub_8C160A64,44,44,0,9,2,2,0
0x8C160ABC,sub_8C160ABC,42,42,0,17,1,3,0
0x8C160B1C,sub_8C160B1C,116,116,0,19,6,5,0
0x8C160C20,sub_8C160C20,70,70,0,18,4,5,0
0x8C160CAC,sub_8C160CAC,30,30,0,8,1,0,0
0x8C160CE8,sub_8C160CE8,32,32,0,8,1,0,0
0x8C160D28,sub_8C160D28,65,65,0,19,1,2,0
0x8C160DBC,sub_8C160DBC,4,4,0,1,1,0,0
0x8C160E24,sub_8C160E24,113,113,0,32,6,7,0
0x8C160F20,sub_8C160F20,17,17,0,3,4,1,0
0x8C161012,sub_8C161012,22,22,0,5,3,3,0
0x8C161234,sub_8C161234,2,2,0,1,0,0,0
0x8C16125C,sub_8C16125C,4,4,0,1,1,0,0
0x8C161264,sub_8C161264,20,20,0,3,3,0,0
0x8C16128C,sub_8C16128C,19,19,0,3,3,0,0
0x8C1612BC,sub_8C1612BC,66,66,0,2,1,1,0
0x8C161340,sub_8C161340,31,31,0,9,3,0,0
0x8C16137E,sub_8C16137E,111,111,0,6,2,1,0
0x8C161478,sub_8C161478,51,51,0,6,3,0,0
0x8C1614DE,sub_8C1614DE,164,164,0,7,4,0,0
0x8C161634,sub_8C161634,39,39,0,5,3,0,0
0x8C161690,sub_8C161690,13,13,0,2,5,1,0
0x8C1616AA,sub_8C1616AA,13,13,0,2,5,1,0
0x8C1616C4,sub_8C1616C4,5,5,0,1,2,0,0
0x8C1616CE,sub_8C1616CE,19,19,0,4,6,2,0
0x8C1616F4,sub_8C1616F4,29,29,0,5,7,3,0
0x8C16172E,sub_8C16172E,66,66,0,13,4,3,0
0x8C1617E0,sub_8C1617E0,38,38,0,6,3,5,0
0x8C161838,sub_8C161838,3,3,0,1,1,1,0
0x8C16183E,sub_8C16183E,3,3,0,1,1,1,0
0x8C161844,sub_8C161844,3,3,0,1,1,1,0
0x8C16184A,sub_8C16184A,9,9,0,2,2,2,0
0x8C161868,sub_8C161868,3,3,0,1,1,1,0
0x8C16186E,sub_8C16186E,3,3,0,1,1,1,0
0x8C161874,sub_8C161874,3,3,0,1,1,1,0
0x8C16187A,sub_8C16187A,3,3,0,1,1,1,0
0x8C161880,sub_8C161880,3,3,0,1,1,0,0
0x8C16188C,sub_8C16188C,3,3,0,1,1,1,0
0x8C161898,sub_8C161898,3,3,0,1,1,1,0
0x8C16189E,sub_8C16189E,3,3,0,1,1,1,0
0x8C1618A4,sub_8C1618A4,3,3,0,1,1,1,0
0x8C1618AA,sub_8C1618AA,3,3,0,1,1,1,0
0x8C1618B0,sub_8C1618B0,3,3,0,1,1,1,0
0x8C1618DC,sub_8C1618DC,2,2,0,1,0,0,0
0x8C1618E4,sub_8C1618E4,10,10,0,2,1,1,0
0x8C16195C,sub_8C16195C,10,10,0,2,4,2,0
0x8C161970,sub_8C161970,5,5,0,1,3,1,0
0x8C16197A,sub_8C16197A,17,17,0,1,2,0,0
0x8C16199C,sub_8C16199C,105,105,0,16,8,6,0
0x8C161A9C,sub_8C161A9C,26,26,0,7,5,4,0
0x8C161AD0,sub_8C161AD0,2,2,0,1,0,0,0
0x8C161AD4,sub_8C161AD4,2,2,0,1,0,0,0
0x8C161AE4,sub_8C161AE4,2,2,0,1,0,0,0
0x8C161AE8,sub_8C161AE8,11,11,0,2,0,1,0
0x8C161AFE,sub_8C161AFE,13,13,0,2,1,1,0
0x8C161B18,sub_8C161B18,100,100,0,21,7,9,0
0x8C161C04,sub_8C161C04,82,82,0,13,5,4,0
0x8C161CA8,sub_8C161CA8,108,108,0,19,6,9,0
0x8C161D9A,sub_8C161D9A,161,161,0,24,6,13,0
0x8C161DD8,sub_8C161DD8,130,130,0,18,3,10,0
0x8C161DDA,sub_8C161DDA,129,129,0,18,3,10,0
0x8C161E12,sub_8C161E12,101,101,0,13,2,7,0
0x8C161E40,sub_8C161E40,78,78,0,10,2,5,0
0x8C161E76,sub_8C161E76,51,51,0,8,2,3,0
0x8C161EC2,sub_8C161EC2,13,13,0,2,1,1,0
0x8C161EDC,sub_8C161EDC,29,29,0,8,3,4,0
0x8C161F16,sub_8C161F16,10,10,0,4,0,0,0
0x8C161F62,sub_8C161F62,24,24,0,5,3,1,0
0x8C161F64,sub_8C161F64,23,23,0,5,3,1,0
0x8C161F96,sub_8C161F96,2,2,0,1,0,0,0
0x8C161F9A,sub_8C161F9A,2,2,0,1,0,0,0
0x8C161FAC,sub_8C161FAC,5,5,0,1,0,0,0
0x8C161FB6,sub_8C161FB6,2,2,0,1,0,0,0
0x8C161FBE,sub_8C161FBE,3,3,0,1,0,0,0
0x8C161FCA,sub_8C161FCA,3,3,0,1,0,0,0
0x8C161FD6,sub_8C161FD6,6,6,0,1,1,1,0
0x8C161FE2,sub_8C161FE2,6,6,0,1,1,1,0
0x8C161FEE,sub_8C161FEE,6,6,0,1,1,1,0
0x8C161FFA,sub_8C161FFA,6,6,0,1,1,1,0
0x8C162006,sub_8C162006,6,6,0,1,1,1,0
0x8C16201E,sub_8C16201E,6,6,0,1,1,1,0
0x8C162036,sub_8C162036,6,6,0,1,1,1,0
0x8C16204E,sub_8C16204E,6,6,0,1,1,1,0
0x8C16205A,sub_8C16205A,6,6,0,1,1,1,0
0x8C162066,sub_8C162066,6,6,0,1,1,1,0
0x8C162072,sub_8C162072,6,6,0,1,1,1,0
0x8C162090,sub_8C162090,3,3,0,1,0,0,0
0x8C1620F0,sub_8C1620F0,23,23,0,5,8,4,0
0x8C162122,sub_8C162122,3,3,0,1,1,1,0
0x8C162128,sub_8C162128,40,40,0,4,3,1,0
0x8C162178,sub_8C162178,45,45,0,8,3,1,0
0x8C1621D2,sub_8C1621D2,45,45,0,8,3,1,0
0x8C162262,sub_8C162262,4,4,0,1,1,1,0
0x8C16226A,sub_8C16226A,46,46,0,10,4,5,0
0x8C1622C6,sub_8C1622C6,46,46,0,10,4,5,0
0x8C162322,sub_8C162322,57,57,0,14,6,7,0
0x8C162394,sub_8C162394,46,46,0,11,5,6,0
0x8C16240E,sub_8C16240E,20,20,0,6,1,2,0
0x8C162436,sub_8C162436,2,2,0,1,0,0,0
0x8C16243A,sub_8C16243A,21,21,0,3,2,2,0
0x8C162464,sub_8C162464,18,18,0,4,1,1,0
0x8C1624B6,sub_8C1624B6,27,27,0,5,0,1,0
0x8C1624B8,sub_8C1624B8,26,26,0,5,0,1,0
0x8C1624EC,sub_8C1624EC,24,24,0,7,3,3,0
0x8C16251C,sub_8C16251C,3,3,0,1,0,0,0
0x8C162522,sub_8C162522,16,16,0,6,2,0,0
0x8C162542,sub_8C162542,5,5,0,1,1,0,0
0x8C16255E,sub_8C16255E,180,180,0,44,6,14,0
0x8C162560,sub_8C162560,179,179,0,44,6,14,0
0x8C1626D0,sub_8C1626D0,7,7,0,3,0,0,0
0x8C1626DE,sub_8C1626DE,20,20,0,5,2,1,0
0x8C162706,sub_8C162706,17,17,0,2,0,1,0
0x8C162738,sub_8C162738,4,4,0,1,0,0,0
0x8C162740,sub_8C162740,3,3,0,1,0,0,0
0x8C16274A,sub_8C16274A,2,2,0,1,0,0,0
0x8C162784,sub_8C162784,20,20,0,4,3,1,0
0x8C1627AC,sub_8C1627AC,13,13,0,2,1,1,0
0x8C1627CC,sub_8C1627CC,116,116,0,22,12,15,0
0x8C1628B4,sub_8C1628B4,38,38,0,7,6,4,0
0x8C162936,sub_8C162936,57,57,0,16,2,4,0
0x8C162938,sub_8C162938,56,56,0,16,2,4,0
0x8C1629A8,sub_8C1629A8,220,220,0,41,19,25,0
0x8C162BA8,sub_8C162BA8,261,261,0,60,50,43,0
0x8C162E68,sub_8C162E68,112,112,0,22,10,10,0
0x8C162F6C,sub_8C162F6C,51,51,0,11,3,4,0
0x8C162FD2,sub_8C162FD2,17,17,0,5,2,2,0
0x8C162FF4,sub_8C162FF4,2,2,0,1,0,0,0
0x8C162FF8,sub_8C162FF8,68,68,0,16,9,11,0
0x8C163080,sub_8C163080,190,190,0,51,5,10,0
0x8C163236,sub_8C163236,38,38,0,15,0,5,0
0x8C163366,sub_8C163366,36,36,0,8,5,3,0
0x8C1633CA,sub_8C1633CA,17,17,0,2,2,1,0
0x8C1633F8,sub_8C1633F8,104,104,0,21,16,2,0
0x8C16350A,sub_8C16350A,54,54,0,10,7,0,0
0x8C163574,sub_8C163574,15,15,0,1,1,0,0
0x8C163588,sub_8C163588,5,5,0,1,0,0,0
0x8C163594,sub_8C163594,2,2,0,1,0,0,0
0x8C163598,sub_8C163598,57,57,0,13,16,7,0
0x8C163640,sub_8C163640,89,89,0,16,13,6,0
0x8C1636FC,sub_8C1636FC,40,40,0,1,2,0,0
0x8C16374C,sub_8C16374C,20,20,0,5,3,0,0
0x8C1637A2,sub_8C1637A2,120,120,0,31,9,13,0
0x8C1637A4,sub_8C1637A4,119,119,0,31,9,13,0
0x8C163892,sub_8C163892,56,56,0,13,6,6,0
0x8C163978,sub_8C163978,2,2,0,1,0,0,0
0x8C16397C,sub_8C16397C,40,40,0,10,4,6,0
0x8C1639F4,sub_8C1639F4,31,31,0,4,0,1,0
0x8C163A4A,sub_8C163A4A,71,71,0,15,0,1,0
0x8C163AD8,sub_8C163AD8,69,69,0,12,4,6,0
0x8C163B62,sub_8C163B62,125,125,0,17,7,8,0
0x8C163C5C,sub_8C163C5C,24,24,0,2,1,1,0
0x8C163CA8,sub_8C163CA8,35,35,0,8,3,1,0
0x8C163CEE,sub_8C163CEE,96,96,0,22,6,9,0
0x8C163DC6,sub_8C163DC6,61,61,0,16,4,7,0
0x8C163E40,sub_8C163E40,191,191,0,37,7,9,0
0x8C163FDC,sub_8C163FDC,94,94,0,20,7,5,0
0x8C164098,sub_8C164098,147,147,0,47,3,15,0
0x8C1641D8,sub_8C1641D8,36,36,0,7,5,3,0
0x8C16432C,sub_8C16432C,92,92,0,21,7,9,0
0x8C164400,sub_8C164400,32,32,0,7,2,3,0
0x8C164460,sub_8C164460,19,19,0,4,2,1,0
0x8C164486,sub_8C164486,20,20,0,4,2,1,0
0x8C1644D8,sub_8C1644D8,15,15,0,4,2,1,0
0x8C164518,sub_8C164518,68,68,0,15,3,3,0
0x8C1645C0,sub_8C1645C0,44,44,0,9,3,3,0
0x8C164618,sub_8C164618,29,29,0,5,2,2,0
0x8C164652,sub_8C164652,37,37,0,11,3,2,0
0x8C1646AC,sub_8C1646AC,42,42,0,10,2,2,0
0x8C16477A,sub_8C16477A,49,49,0,6,2,3,0
0x8C16484A,sub_8C16484A,15,15,0,4,2,1,0
0x8C164958,sub_8C164958,3,3,0,1,1,1,0
0x8C1649F4,sub_8C1649F4,146,146,0,17,3,12,0
0x8C164B24,sub_8C164B24,12,12,0,1,1,0,0
0x8C164B3C,sub_8C164B3C,11,11,0,1,1,0,0
0x8C164B56,sub_8C164B56,17,17,0,3,4,1,0
0x8C164B78,sub_8C164B78,14,14,0,3,4,1,0
0x8C164BF6,sub_8C164BF6,15,15,0,4,1,1,0
0x8C164C14,sub_8C164C14,2,2,0,1,0,0,0
0x8C164C18,sub_8C164C18,3,3,0,1,0,0,0
0x8C164C1E,sub_8C164C1E,5,5,0,1,0,0,0
0x8C164C28,sub_8C164C28,23,23,0,6,0,1,0
0x8C164C72,sub_8C164C72,57,57,0,11,0,2,0
0x8C164CE4,sub_8C164CE4,44,44,0,9,0,2,0
0x8C164D3C,sub_8C164D3C,76,76,0,19,0,2,0
0x8C164DD4,sub_8C164DD4,46,46,0,10,0,3,0
0x8C164E38,sub_8C164E38,12,12,0,1,1,0,0
0x8C164E50,sub_8C164E50,11,11,0,1,1,0,0
0x8C164E6A,sub_8C164E6A,17,17,0,3,4,1,0
0x8C164E8C,sub_8C164E8C,14,14,0,3,4,1,0
0x8C164EA8,sub_8C164EA8,49,49,0,7,4,1,0
0x8C164F0A,sub_8C164F0A,15,15,0,4,1,1,0
0x8C164F28,sub_8C164F28,2,2,0,1,0,0,0
0x8C164F2C,sub_8C164F2C,3,3,0,1,0,0,0
0x8C164F32,sub_8C164F32,7,7,0,1,0,0,0
0x8C164F40,sub_8C164F40,27,27,0,7,0,1,0
0x8C164F92,sub_8C164F92,105,105,0,22,2,4,0
0x8C165064,sub_8C165064,106,106,0,21,2,4,0
0x8C165138,sub_8C165138,102,102,0,21,4,6,0
0x8C16520C,sub_8C16520C,67,67,0,16,0,3,0
0x8C165292,sub_8C165292,2,2,0,1,0,0,0
0x8C165296,sub_8C165296,2,2,0,1,0,0,0
0x8C16529A,sub_8C16529A,2,2,0,1,0,0,0
0x8C1652A4,sub_8C1652A4,12,12,0,1,1,0,0
0x8C1652BC,sub_8C1652BC,11,11,0,1,1,0,0
0x8C1652D6,sub_8C1652D6,17,17,0,3,4,1,0
0x8C1652F8,sub_8C1652F8,14,14,0,3,4,1,0
0x8C16537E,sub_8C16537E,15,15,0,4,1,1,0
0x8C16539C,sub_8C16539C,2,2,0,1,0,0,0
0x8C1653A0,sub_8C1653A0,3,3,0,1,0,0,0
0x8C1653A6,sub_8C1653A6,40,40,0,6,0,0,0
0x8C165414,sub_8C165414,35,35,0,9,0,1,0
0x8C16545A,sub_8C16545A,102,102,0,19,5,8,0
0x8C165526,sub_8C165526,100,100,0,22,1,4,0
0x8C1655EE,sub_8C1655EE,106,106,0,19,1,4,0
0x8C1656CA,sub_8C1656CA,57,57,0,13,1,2,0
0x8C165774,sub_8C165774,29,29,0,7,1,1,0
0x8C1657B4,sub_8C1657B4,20,20,0,5,3,0,0
0x8C1657DC,sub_8C1657DC,78,78,0,18,8,8,0
0x8C165878,sub_8C165878,25,25,0,6,4,4,0
0x8C1658D0,sub_8C1658D0,47,47,0,10,7,5,0
0x8C16592E,sub_8C16592E,111,111,0,22,6,3,0
0x8C165A34,sub_8C165A34,37,37,0,11,4,4,0
0x8C165A7E,sub_8C165A7E,49,49,0,13,6,5,0
0x8C165B1A,sub_8C165B1A,39,39,0,7,6,3,0
0x8C165B1C,sub_8C165B1C,38,38,0,7,6,3,0
0x8C165D48,sub_8C165D48,31,31,0,8,4,2,0
0x8C165DC6,sub_8C165DC6,14,14,0,3,3,1,0
0x8C165DE2,sub_8C165DE2,16,16,0,4,2,1,0
0x8C165E20,sub_8C165E20,40,40,0,4,9,1,0
0x8C165E70,sub_8C165E70,98,98,0,14,21,0,0
0x8C165F9E,sub_8C165F9E,270,270,0,35,47,7,0
0x8C165FA0,sub_8C165FA0,269,269,0,35,47,7,0
0x8C16624A,sub_8C16624A,189,189,0,26,41,1,0
0x8C1664BE,sub_8C1664BE,339,339,0,58,54,7,0
0x8C1664C0,sub_8C1664C0,338,338,0,58,54,7,0
0x8C16681E,sub_8C16681E,90,90,0,10,20,0,0
0x8C166934,sub_8C166934,120,120,0,19,14,2,0
0x8C166A96,sub_8C166A96,26,26,0,3,4,1,0
0x8C166ACA,sub_8C166ACA,20,20,0,3,3,1,0
0x8C166AF2,sub_8C166AF2,15,15,0,3,3,0,0
0x8C166B10,sub_8C166B10,259,259,0,49,41,15,0
0x8C166DD2,sub_8C166DD2,13,13,0,1,1,1,0
0x8C166E20,sub_8C166E20,170,170,0,4,16,0,0
0x8C166FBE,sub_8C166FBE,558,558,0,111,71,8,0
0x8C166FC0,sub_8C166FC0,557,557,0,111,71,8,0
0x8C1675BE,sub_8C1675BE,263,263,0,24,47,14,0
0x8C1675C0,sub_8C1675C0,262,262,0,24,47,14,0
0x8C16789E,sub_8C16789E,314,314,0,62,53,2,0
0x8C1678A0,sub_8C1678A0,313,313,0,62,53,2,0
0x8C167BE4,sub_8C167BE4,243,243,0,55,39,2,0
0x8C167EBE,sub_8C167EBE,117,117,0,6,16,2,0
0x8C167EC0,sub_8C167EC0,116,116,0,6,16,2,0
0x8C168000,sub_8C168000,2,2,0,1,0,0,0
0x8C168004,sub_8C168004,2,2,0,1,0,0,0
0x8C168008,sub_8C168008,114,114,0,6,5,2,0
0x8C168100,sub_8C168100,20,20,0,1,3,1,0
0x8C168138,sub_8C168138,21,21,0,2,3,1,0
0x8C168194,sub_8C168194,2,2,0,1,0,0,0
0x8C1681C4,sub_8C1681C4,171,171,0,6,5,2,0
0x8C16832C,sub_8C16832C,196,196,0,9,6,2,0
0x8C1684E4,sub_8C1684E4,73,73,0,16,13,0,0
0x8C168576,sub_8C168576,19,19,0,3,3,0,0
0x8C1685EC,sub_8C1685EC,25,25,0,5,3,1,0
0x8C168628,sub_8C168628,120,120,0,1,3,0,0
0x8C168720,sub_8C168720,26,26,0,4,4,1,0
0x8C168764,sub_8C168764,40,40,0,1,6,0,0
0x8C1687C8,sub_8C1687C8,26,26,0,4,4,1,0
0x8C16880C,sub_8C16880C,25,25,0,5,3,1,0
0x8C168848,sub_8C168848,118,118,0,11,19,3,0
0x8C168964,sub_8C168964,247,247,0,29,33,3,0
0x8C168B72,sub_8C168B72,109,109,0,32,12,7,0
0x8C168C72,sub_8C168C72,191,191,0,22,34,4,0
0x8C168E42,sub_8C168E42,33,33,0,8,5,1,0
0x8C168E84,sub_8C168E84,11,11,0,1,3,0,0
0x8C168E9A,sub_8C168E9A,65,65,0,10,6,2,0
0x8C168F3A,sub_8C168F3A,83,83,0,13,15,6,0
0x8C168F3C,sub_8C168F3C,82,82,0,13,15,6,0
0x8C168FE0,sub_8C168FE0,36,36,0,8,6,2,0
0x8C169028,sub_8C169028,8,8,0,1,1,0,0
0x8C169038,sub_8C169038,9,9,0,1,2,0,0
0x8C16908C,sub_8C16908C,13,13,0,2,0,1,0
0x8C1690A6,sub_8C1690A6,8,8,0,2,0,1,0
0x8C1690B6,sub_8C1690B6,8,8,0,2,0,1,0
0x8C1690D2,sub_8C1690D2,8,8,0,1,2,0,0
0x8C1690E2,sub_8C1690E2,7,7,0,1,2,0,0
0x8C1690F0,sub_8C1690F0,5,5,0,1,2,0,0
0x8C169104,sub_8C169104,5,5,0,1,2,0,0
0x8C169118,sub_8C169118,5,5,0,1,2,0,0
0x8C169144,sub_8C169144,5,5,0,1,2,0,0
0x8C169158,sub_8C169158,5,5,0,1,2,0,0
0x8C169172,sub_8C169172,5,5,0,1,2,0,0
0x8C169190,sub_8C169190,5,5,0,1,2,0,0
0x8C1691A4,sub_8C1691A4,5,5,0,1,2,0,0
0x8C1691DE,sub_8C1691DE,5,5,0,1,2,0,0
0x8C1691F0,sub_8C1691F0,252,252,0,21,44,6,0
0x8C16945C,sub_8C16945C,34,34,0,3,4,0,0
0x8C1694A0,sub_8C1694A0,288,288,0,23,18,2,0
0x8C169714,sub_8C169714,247,247,0,18,15,2,0
0x8C1699DE,sub_8C1699DE,88,88,0,11,7,0,0
0x8C169AA4,sub_8C169AA4,127,127,0,11,7,2,0
0x8C169BA2,sub_8C169BA2,28,28,0,10,1,0,0
0x8C169BEA,sub_8C169BEA,47,47,0,9,4,0,0
0x8C169C48,sub_8C169C48,74,74,0,14,4,5,0
0x8C169CEA,sub_8C169CEA,150,150,0,31,7,4,0
0x8C169CEC,sub_8C169CEC,149,149,0,31,7,4,0
0x8C169E1E,sub_8C169E1E,152,152,0,25,5,0,0
0x8C169F62,sub_8C169F62,40,40,0,4,0,1,0
0x8C169FDE,sub_8C169FDE,15,15,0,2,0,1,0
0x8C16A040,sub_8C16A040,12,12,0,2,0,1,0
0x8C16A084,sub_8C16A084,12,12,0,2,0,1,0
0x8C16A0C8,sub_8C16A0C8,12,12,0,2,0,1,0
0x8C16A10C,sub_8C16A10C,12,12,0,2,0,1,0
0x8C16A124,sub_8C16A124,22,22,0,5,4,2,0
0x8C16A150,sub_8C16A150,19,19,0,2,0,1,0
0x8C16A176,sub_8C16A176,25,25,0,5,4,2,0
0x8C16A1A8,sub_8C16A1A8,23,23,0,2,0,1,0
0x8C16A1D6,sub_8C16A1D6,29,29,0,5,4,2,0
0x8C16A210,sub_8C16A210,24,24,0,2,0,1,0
0x8C16A240,sub_8C16A240,25,25,0,5,4,2,0
0x8C16A272,sub_8C16A272,23,23,0,2,0,1,0
0x8C16A390,sub_8C16A390,22,22,0,5,4,2,0
0x8C16A3CC,sub_8C16A3CC,18,18,0,2,0,1,0
0x8C16A424,sub_8C16A424,10,10,0,1,3,0,0
0x8C16A438,sub_8C16A438,11,11,0,3,0,0,0
0x8C16A44E,sub_8C16A44E,3,3,0,1,1,0,0
0x8C16A458,sub_8C16A458,6,6,0,1,3,0,0
0x8C16A484,sub_8C16A484,7,7,0,2,3,1,0
0x8C16A48C,sub_8C16A48C,8,8,0,3,0,0,0
0x8C16A49C,sub_8C16A49C,5,5,0,1,0,0,0
0x8C16A4A6,sub_8C16A4A6,4,4,0,1,0,0,0
0x8C16A4AE,sub_8C16A4AE,4,4,0,1,0,0,0
0x8C16A4B6,sub_8C16A4B6,3,3,0,1,0,0,0
0x8C16A4BC,sub_8C16A4BC,5,5,0,1,2,1,0
0x8C16A4D0,sub_8C16A4D0,5,5,0,1,2,1,0
0x8C16A4E4,sub_8C16A4E4,5,5,0,1,2,1,0
0x8C16A4F8,sub_8C16A4F8,5,5,0,1,2,1,0
0x8C16A50C,sub_8C16A50C,26,26,0,4,2,0,0
0x8C16A548,sub_8C16A548,10,10,0,2,4,2,0
0x8C16A55C,sub_8C16A55C,15,15,0,1,1,0,0
0x8C16A57A,sub_8C16A57A,9,9,0,1,1,0,0
0x8C16A58C,sub_8C16A58C,70,70,0,11,6,3,0
0x8C16A618,sub_8C16A618,18,18,0,5,3,2,0
0x8C16A65E,sub_8C16A65E,136,136,0,10,5,5,0
0x8C16A660,sub_8C16A660,135,135,0,10,5,5,0
0x8C16A76E,sub_8C16A76E,93,93,0,15,10,8,0
0x8C16A864,sub_8C16A864,5,5,0,1,1,0,0
0x8C16A878,sub_8C16A878,2,2,0,1,0,0,0
0x8C16A87C,sub_8C16A87C,3,3,0,1,1,0,0
0x8C16A882,sub_8C16A882,2,2,0,1,0,0,0
0x8C16A886,sub_8C16A886,2,2,0,1,0,0,0
0x8C16A88A,sub_8C16A88A,2,2,0,1,0,0,0
0x8C16A88E,sub_8C16A88E,30,30,0,9,5,0,0
0x8C16A8CA,sub_8C16A8CA,2,2,0,1,0,0,0
0x8C16A8CE,sub_8C16A8CE,2,2,0,1,0,0,0
0x8C16A8D2,sub_8C16A8D2,2,2,0,1,0,0,0
0x8C16A8D6,sub_8C16A8D6,2,2,0,1,0,0,0
0x8C16A8DA,sub_8C16A8DA,2,2,0,1,0,0,0
0x8C16A8DE,sub_8C16A8DE,3,3,0,1,0,0,0
0x8C16A8E4,sub_8C16A8E4,2,2,0,1,0,0,0
0x8C16A8E8,sub_8C16A8E8,2,2,0,1,0,0,0
0x8C16A8EC,sub_8C16A8EC,2,2,0,1,0,0,0
0x8C16A8F0,sub_8C16A8F0,2,2,0,1,0,0,0
0x8C16A8F4,sub_8C16A8F4,2,2,0,1,0,0,0
0x8C16A8F8,sub_8C16A8F8,41,41,0,7,4,2,0
0x8C16A94A,sub_8C16A94A,7,7,0,3,0,0,0
0x8C16A958,sub_8C16A958,13,13,0,2,1,1,0
0x8C16A972,sub_8C16A972,16,16,0,4,2,1,0
0x8C16A9AC,sub_8C16A9AC,3,3,0,1,1,0,0
0x8C16A9B2,sub_8C16A9B2,3,3,0,1,1,0,0
0x8C16A9BC,sub_8C16A9BC,22,22,0,2,2,2,0
0x8C16A9E8,sub_8C16A9E8,27,27,0,2,2,2,0
0x8C16AA1E,sub_8C16AA1E,94,94,0,19,5,5,0
0x8C16AADA,sub_8C16AADA,10,10,0,3,0,0,0
0x8C16AADE,sub_8C16AADE,8,8,0,2,0,0,0
0x8C16AAEA,sub_8C16AAEA,2,2,0,1,0,0,0
0x8C16AB06,sub_8C16AB06,27,27,0,2,0,1,0
0x8C16AB08,sub_8C16AB08,26,26,0,2,0,1,0
0x8C16AB3C,sub_8C16AB3C,12,12,0,1,0,0,0
0x8C16AB54,sub_8C16AB54,105,105,0,11,6,4,0
0x8C16AC38,sub_8C16AC38,60,60,0,15,6,8,0
0x8C16ACB0,sub_8C16ACB0,33,33,0,10,8,4,0
0x8C16AD4C,sub_8C16AD4C,2,2,0,1,0,0,0
0x8C16AD50,sub_8C16AD50,2,2,0,1,0,0,0
0x8C16AD54,sub_8C16AD54,12,12,0,1,1,0,0
0x8C16AD6C,sub_8C16AD6C,11,11,0,1,1,0,0
0x8C16AD84,sub_8C16AD84,15,15,0,4,5,1,0
0x8C16ADA2,sub_8C16ADA2,31,31,0,7,5,2,0
0x8C16ADF8,sub_8C16ADF8,20,20,0,4,7,3,0
0x8C16AE20,sub_8C16AE20,18,18,0,4,6,3,0
0x8C16AE44,sub_8C16AE44,36,36,0,7,3,0,0
0x8C16AE8C,sub_8C16AE8C,20,20,0,5,3,2,0
0x8C16AEB4,sub_8C16AEB4,19,19,0,5,2,0,0
0x8C16AEF4,sub_8C16AEF4,225,225,0,51,16,17,0
0x8C16B0B6,sub_8C16B0B6,80,80,0,22,6,8,0
0x8C16B196,sub_8C16B196,87,87,0,19,4,12,0
0x8C16B244,sub_8C16B244,17,17,0,2,1,1,0
0x8C16B27E,sub_8C16B27E,24,24,0,3,2,2,0
0x8C16B280,sub_8C16B280,23,23,0,3,2,2,0
0x8C16B2AE,sub_8C16B2AE,13,13,0,1,1,1,0
0x8C16B2C8,sub_8C16B2C8,7,7,0,1,1,1,0
0x8C16B2D6,sub_8C16B2D6,41,41,0,4,6,3,0
0x8C16B328,sub_8C16B328,11,11,0,2,1,1,0
0x8C16B33E,sub_8C16B33E,15,15,0,2,1,1,0
0x8C16B35C,sub_8C16B35C,11,11,0,2,1,1,0
0x8C16B372,sub_8C16B372,70,70,0,18,4,3,0
0x8C16B430,sub_8C16B430,9,9,0,1,1,1,0
0x8C16B442,sub_8C16B442,36,36,0,8,5,2,0
0x8C16B48A,sub_8C16B48A,39,39,0,6,2,2,0
0x8C16B4D8,sub_8C16B4D8,27,27,0,2,0,1,0
0x8C16B52A,sub_8C16B52A,49,49,0,9,3,3,0
0x8C16B52C,sub_8C16B52C,48,48,0,9,3,3,0
0x8C16B58C,sub_8C16B58C,45,45,0,8,0,2,0
0x8C16B5E6,sub_8C16B5E6,46,46,0,11,3,3,0
0x8C16B642,sub_8C16B642,7,7,0,1,0,0,0
0x8C16B650,sub_8C16B650,36,36,0,9,1,1,0
0x8C16B698,sub_8C16B698,31,31,0,3,0,2,0
0x8C16B6D6,sub_8C16B6D6,36,36,0,9,2,2,0
0x8C16B71E,sub_8C16B71E,3,3,0,1,0,0,0
0x8C16B724,sub_8C16B724,45,45,0,10,5,4,0
0x8C16B77E,sub_8C16B77E,3,3,0,1,0,0,0
0x8C16B784,sub_8C16B784,42,42,0,11,0,0,0
0x8C16B80A,sub_8C16B80A,51,51,0,14,0,2,0
0x8C16B870,sub_8C16B870,71,71,0,17,8,5,0
0x8C16B8FE,sub_8C16B8FE,67,67,0,17,6,3,0
0x8C16B984,sub_8C16B984,39,39,0,5,1,2,0
0x8C16B9F0,sub_8C16B9F0,33,33,0,8,5,2,0
0x8C16BA36,sub_8C16BA36,9,9,0,1,0,0,0
0x8C16BA48,sub_8C16BA48,2,2,0,1,0,0,0
0x8C16BA4C,sub_8C16BA4C,3,3,0,1,1,0,0
0x8C16BA68,sub_8C16BA68,12,12,0,1,1,0,0
0x8C16BA80,sub_8C16BA80,11,11,0,1,1,0,0
0x8C16BA98,sub_8C16BA98,12,12,0,3,2,0,0
0x8C16BAB0,sub_8C16BAB0,31,31,0,7,5,2,0
0x8C16BB00,sub_8C16BB00,2,2,0,1,0,0,0
0x8C16BB06,sub_8C16BB06,32,32,0,7,7,5,0
0x8C16BBD6,sub_8C16BBD6,89,89,0,18,11,7,0
0x8C16BBD8,sub_8C16BBD8,88,88,0,18,11,7,0
0x8C16BC88,sub_8C16BC88,47,47,0,11,4,3,0
0x8C16BD12,sub_8C16BD12,76,76,0,15,6,4,0
0x8C16BD14,sub_8C16BD14,75,75,0,15,6,4,0
0x8C16BDAA,sub_8C16BDAA,53,53,0,10,0,2,0
0x8C16BE28,sub_8C16BE28,3,3,0,1,1,0,0
0x8C16BE4E,sub_8C16BE4E,13,13,0,4,1,0,0
0x8C16BE68,sub_8C16BE68,10,10,0,5,2,0,0
0x8C16BECC,sub_8C16BECC,47,47,0,15,4,5,0
0x8C16C2E2,sub_8C16C2E2,17,17,0,3,3,1,0
0x8C16C338,sub_8C16C338,47,47,0,8,9,7,0
0x8C16C3B8,sub_8C16C3B8,12,12,0,3,2,1,0
0x8C16C3CA,sub_8C16C3CA,3,3,0,1,0,0,0
0x8C16C3D0,sub_8C16C3D0,7,7,0,1,1,0,0
0x8C16C3DE,sub_8C16C3DE,40,40,0,8,8,1,0
0x8C16C42E,sub_8C16C42E,58,58,0,10,8,2,0
0x8C16C4A2,sub_8C16C4A2,28,28,0,9,3,2,0
0x8C16C502,sub_8C16C502,53,53,0,11,3,5,0
0x8C16C56C,sub_8C16C56C,42,42,0,8,4,2,0
0x8C16C5D8,sub_8C16C5D8,33,33,0,7,1,1,0
0x8C16C68E,sub_8C16C68E,46,46,0,11,6,4,0
0x8C16C70A,sub_8C16C70A,33,33,0,7,3,1,0
0x8C16C752,sub_8C16C752,89,89,0,29,6,10,0
0x8C16C828,sub_8C16C828,23,23,0,6,1,0,0
0x8C16C856,sub_8C16C856,4,4,0,1,0,0,0
0x8C16C85E,sub_8C16C85E,75,75,0,14,3,2,0
0x8C16C90A,sub_8C16C90A,29,29,0,4,3,2,0
0x8C16C90C,sub_8C16C90C,28,28,0,4,3,2,0
0x8C16C94C,sub_8C16C94C,25,25,0,6,2,1,0
0x8C16C97E,sub_8C16C97E,29,29,0,9,2,3,0
0x8C16C9B8,sub_8C16C9B8,29,29,0,9,2,3,0
0x8C16C9F2,sub_8C16C9F2,29,29,0,9,2,3,0
0x8C16CA66,sub_8C16CA66,19,19,0,5,2,1,0
0x8C16CAC6,sub_8C16CAC6,26,26,0,6,2,1,0
0x8C16CAC8,sub_8C16CAC8,25,25,0,6,2,1,0
0x8C16CAFA,sub_8C16CAFA,30,30,0,9,2,3,0
0x8C16CB36,sub_8C16CB36,63,63,0,21,4,8,0
0x8C16CBCE,sub_8C16CBCE,67,67,0,21,4,8,0
0x8C16D4BC,sub_8C16D4BC,225,225,0,58,44,38,0
0x8C16D6F4,sub_8C16D6F4,46,46,0,7,5,4,0
0x8C16D780,sub_8C16D780,7,7,0,1,1,0,0
0x8C16D794,sub_8C16D794,13,13,0,1,1,0,0
0x8C16D7B4,sub_8C16D7B4,32,32,0,1,3,0,0
0x8C16D7FC,sub_8C16D7FC,7,7,0,1,1,0,0
0x8C16D948,sub_8C16D948,25,25,0,4,4,2,0
0x8C16DACC,sub_8C16DACC,10,10,0,2,0,0,0
0x8C16DAE0,sub_8C16DAE0,356,356,0,23,7,0,0
0x8C16DDC2,sub_8C16DDC2,26,26,0,6,4,2,0
0x8C16DDF6,sub_8C16DDF6,76,76,0,9,1,1,0
0x8C16DE8E,sub_8C16DE8E,120,120,0,8,3,2,0
0x8C16DF8C,sub_8C16DF8C,137,137,0,19,5,3,0
0x8C16E0AA,sub_8C16E0AA,125,125,0,19,5,3,0
0x8C16E1B2,sub_8C16E1B2,8,8,0,3,1,0,0
0x8C16E1CC,sub_8C16E1CC,274,274,0,23,7,2,0
0x8C16E3F0,sub_8C16E3F0,25,25,0,6,4,2,0
0x8C16E422,sub_8C16E422,79,79,0,9,0,1,0
0x8C16E4E6,sub_8C16E4E6,116,116,0,6,2,2,0
0x8C16E5D4,sub_8C16E5D4,137,137,0,19,5,3,0
0x8C16E6F4,sub_8C16E6F4,125,125,0,19,5,3,0
0x8C16E7FC,sub_8C16E7FC,130,130,0,19,6,3,0
0x8C16E900,sub_8C16E900,14,14,0,5,2,0,0
0x8C16E930,sub_8C16E930,102,102,0,9,0,0,0
0x8C16E9FC,sub_8C16E9FC,113,113,0,6,2,2,0
0x8C16EAE0,sub_8C16EAE0,117,117,0,19,5,3,0
0x8C16EBD6,sub_8C16EBD6,10,10,0,2,2,1,0
0x8C16EBF6,sub_8C16EBF6,210,210,0,35,5,4,0
0x8C16EBF8,sub_8C16EBF8,209,209,0,35,5,4,0
0x8C16EDB0,sub_8C16EDB0,113,113,0,6,2,2,0
0x8C16EE98,sub_8C16EE98,117,117,0,19,5,3,0
0x8C16EF90,sub_8C16EF90,128,128,0,19,5,3,0
0x8C16F09C,sub_8C16F09C,145,145,0,19,5,3,0
0x8C16F1CC,sub_8C16F1CC,26,26,0,6,4,2,0
0x8C16F200,sub_8C16F200,20,20,0,7,3,0,0
0x8C16F238,sub_8C16F238,5,5,0,1,3,1,0
0x8C16F242,sub_8C16F242,60,60,0,10,6,3,0
0x8C16F2BA,sub_8C16F2BA,12,12,0,1,1,1,0
0x8C16F2D2,sub_8C16F2D2,10,10,0,3,1,1,0
0x8C16F2EA,sub_8C16F2EA,2,2,0,1,0,0,0
0x8C16F2EE,sub_8C16F2EE,15,15,0,3,0,0,0
0x8C16F30C,sub_8C16F30C,15,15,0,3,0,0,0
0x8C16F32A,sub_8C16F32A,9,9,0,3,0,0,0
0x8C16F33C,sub_8C16F33C,11,11,0,1,1,1,0
0x8C16F352,sub_8C16F352,7,7,0,3,0,0,0
0x8C16F360,sub_8C16F360,2,2,0,1,0,0,0
0x8C16F364,sub_8C16F364,4,4,0,1,1,0,0
0x8C16F382,sub_8C16F382,78,78,0,14,2,3,0
0x8C16F384,sub_8C16F384,77,77,0,14,2,3,0
0x8C16F454,sub_8C16F454,102,102,0,18,11,0,0
0x8C16F520,sub_8C16F520,68,68,0,13,6,0,0
0x8C16F5D2,sub_8C16F5D2,29,29,0,9,3,0,0
0x8C16F60C,sub_8C16F60C,43,43,0,5,4,0,0
0x8C16F662,sub_8C16F662,12,12,0,4,0,1,0
0x8C16F698,sub_8C16F698,30,30,0,7,0,1,0
0x8C16F778,sub_8C16F778,25,25,0,5,4,2,0
0x8C16F7AA,sub_8C16F7AA,21,21,0,2,1,1,0
0x8C16F840,sub_8C16F840,129,129,0,9,5,0,0
0x8C16F958,sub_8C16F958,238,238,0,14,10,0,0
